#include <pgmspace.h>

const uint8_t consola28[] PROGMEM = {
0x00, 0x00, 0x00, 0x5E, 0x00, 0x00, 0x00, 0x0B, 0x00, 0x00, 0x00, 0x1C, 0x00, 0x00, 0x00, 0x00,
0x00, 0x00, 0x00, 0x14, 0x00, 0x00, 0x00, 0x06, 0x00, 0x00, 0x00, 0x21, 0x00, 0x00, 0x00, 0x15,
0x00, 0x00, 0x00, 0x05, 0x00, 0x00, 0x00, 0x0F, 0x00, 0x00, 0x00, 0x14, 0x00, 0x00, 0x00, 0x05,
0x00, 0x00, 0x00, 0x00, 0x00, 0x00, 0x00, 0x22, 0x00, 0x00, 0x00, 0x08, 0x00, 0x00, 0x00, 0x09,
0x00, 0x00, 0x00, 0x0F, 0x00, 0x00, 0x00, 0x14, 0x00, 0x00, 0x00, 0x03, 0x00, 0x00, 0x00, 0x00,
0x00, 0x00, 0x00, 0x23, 0x00, 0x00, 0x00, 0x12, 0x00, 0x00, 0x00, 0x0F, 0x00, 0x00, 0x00, 0x0F,
0x00, 0x00, 0x00, 0x12, 0x00, 0x00, 0x00, 0x00, 0x00, 0x00, 0x00, 0x00, 0x00, 0x00, 0x00, 0x24,
0x00, 0x00, 0x00, 0x19, 0x00, 0x00, 0x00, 0x0D, 0x00, 0x00, 0x00, 0x0F, 0x00, 0x00, 0x00, 0x15,
0x00, 0x00, 0x00, 0x01, 0x00, 0x00, 0x00, 0x00, 0x00, 0x00, 0x00, 0x25, 0x00, 0x00, 0x00, 0x15,
0x00, 0x00, 0x00, 0x10, 0x00, 0x00, 0x00, 0x0F, 0x00, 0x00, 0x00, 0x14, 0x00, 0x00, 0x00, 0x00,
0x00, 0x00, 0x00, 0x00, 0x00, 0x00, 0x00, 0x26, 0x00, 0x00, 0x00, 0x14, 0x00, 0x00, 0x00, 0x10,
0x00, 0x00, 0x00, 0x0F, 0x00, 0x00, 0x00, 0x13, 0x00, 0x00, 0x00, 0x00, 0x00, 0x00, 0x00, 0x00,
0x00, 0x00, 0x00, 0x27, 0x00, 0x00, 0x00, 0x08, 0x00, 0x00, 0x00, 0x04, 0x00, 0x00, 0x00, 0x0F,
0x00, 0x00, 0x00, 0x14, 0x00, 0x00, 0x00, 0x06, 0x00, 0x00, 0x00, 0x00, 0x00, 0x00, 0x00, 0x28,
0x00, 0x00, 0x00, 0x1B, 0x00, 0x00, 0x00, 0x08, 0x00, 0x00, 0x00, 0x0F, 0x00, 0x00, 0x00, 0x15,
0x00, 0x00, 0x00, 0x04, 0x00, 0x00, 0x00, 0x00, 0x00, 0x00, 0x00, 0x29, 0x00, 0x00, 0x00, 0x1B,
0x00, 0x00, 0x00, 0x09, 0x00, 0x00, 0x00, 0x0F, 0x00, 0x00, 0x00, 0x15, 0x00, 0x00, 0x00, 0x03,
0x00, 0x00, 0x00, 0x00, 0x00, 0x00, 0x00, 0x2A, 0x00, 0x00, 0x00, 0x0D, 0x00, 0x00, 0x00, 0x0C,
0x00, 0x00, 0x00, 0x0F, 0x00, 0x00, 0x00, 0x14, 0x00, 0x00, 0x00, 0x02, 0x00, 0x00, 0x00, 0x00,
0x00, 0x00, 0x00, 0x2B, 0x00, 0x00, 0x00, 0x0F, 0x00, 0x00, 0x00, 0x0E, 0x00, 0x00, 0x00, 0x0F,
0x00, 0x00, 0x00, 0x0F, 0x00, 0x00, 0x00, 0x01, 0x00, 0x00, 0x00, 0x00, 0x00, 0x00, 0x00, 0x2C,
0x00, 0x00, 0x00, 0x0A, 0x00, 0x00, 0x00, 0x07, 0x00, 0x00, 0x00, 0x0F, 0x00, 0x00, 0x00, 0x05,
0x00, 0x00, 0x00, 0x03, 0x00, 0x00, 0x00, 0x00, 0x00, 0x00, 0x00, 0x2D, 0x00, 0x00, 0x00, 0x03,
0x00, 0x00, 0x00, 0x09, 0x00, 0x00, 0x00, 0x0F, 0x00, 0x00, 0x00, 0x09, 0x00, 0x00, 0x00, 0x03,
0x00, 0x00, 0x00, 0x00, 0x00, 0x00, 0x00, 0x2E, 0x00, 0x00, 0x00, 0x06, 0x00, 0x00, 0x00, 0x05,
0x00, 0x00, 0x00, 0x0F, 0x00, 0x00, 0x00, 0x05, 0x00, 0x00, 0x00, 0x05, 0x00, 0x00, 0x00, 0x00,
0x00, 0x00, 0x00, 0x2F, 0x00, 0x00, 0x00, 0x17, 0x00, 0x00, 0x00, 0x0D, 0x00, 0x00, 0x00, 0x0F,
0x00, 0x00, 0x00, 0x14, 0x00, 0x00, 0x00, 0x01, 0x00, 0x00, 0x00, 0x00, 0x00, 0x00, 0x00, 0x30,
0x00, 0x00, 0x00, 0x14, 0x00, 0x00, 0x00, 0x0E, 0x00, 0x00, 0x00, 0x0F, 0x00, 0x00, 0x00, 0x13,
0x00, 0x00, 0x00, 0x01, 0x00, 0x00, 0x00, 0x00, 0x00, 0x00, 0x00, 0x31, 0x00, 0x00, 0x00, 0x12,
0x00, 0x00, 0x00, 0x0D, 0x00, 0x00, 0x00, 0x0F, 0x00, 0x00, 0x00, 0x12, 0x00, 0x00, 0x00, 0x01,
0x00, 0x00, 0x00, 0x00, 0x00, 0x00, 0x00, 0x32, 0x00, 0x00, 0x00, 0x13, 0x00, 0x00, 0x00, 0x0C,
0x00, 0x00, 0x00, 0x0F, 0x00, 0x00, 0x00, 0x13, 0x00, 0x00, 0x00, 0x02, 0x00, 0x00, 0x00, 0x00,
0x00, 0x00, 0x00, 0x33, 0x00, 0x00, 0x00, 0x14, 0x00, 0x00, 0x00, 0x0C, 0x00, 0x00, 0x00, 0x0F,
0x00, 0x00, 0x00, 0x13, 0x00, 0x00, 0x00, 0x02, 0x00, 0x00, 0x00, 0x00, 0x00, 0x00, 0x00, 0x34,
0x00, 0x00, 0x00, 0x12, 0x00, 0x00, 0x00, 0x0F, 0x00, 0x00, 0x00, 0x0F, 0x00, 0x00, 0x00, 0x12,
0x00, 0x00, 0x00, 0x00, 0x00, 0x00, 0x00, 0x00, 0x00, 0x00, 0x00, 0x35, 0x00, 0x00, 0x00, 0x13,
0x00, 0x00, 0x00, 0x0C, 0x00, 0x00, 0x00, 0x0F, 0x00, 0x00, 0x00, 0x12, 0x00, 0x00, 0x00, 0x02,
0x00, 0x00, 0x00, 0x00, 0x00, 0x00, 0x00, 0x36, 0x00, 0x00, 0x00, 0x13, 0x00, 0x00, 0x00, 0x0D,
0x00, 0x00, 0x00, 0x0F, 0x00, 0x00, 0x00, 0x12, 0x00, 0x00, 0x00, 0x01, 0x00, 0x00, 0x00, 0x00,
0x00, 0x00, 0x00, 0x37, 0x00, 0x00, 0x00, 0x12, 0x00, 0x00, 0x00, 0x0D, 0x00, 0x00, 0x00, 0x0F,
0x00, 0x00, 0x00, 0x12, 0x00, 0x00, 0x00, 0x01, 0x00, 0x00, 0x00, 0x00, 0x00, 0x00, 0x00, 0x38,
0x00, 0x00, 0x00, 0x14, 0x00, 0x00, 0x00, 0x0D, 0x00, 0x00, 0x00, 0x0F, 0x00, 0x00, 0x00, 0x13,
0x00, 0x00, 0x00, 0x01, 0x00, 0x00, 0x00, 0x00, 0x00, 0x00, 0x00, 0x39, 0x00, 0x00, 0x00, 0x13,
0x00, 0x00, 0x00, 0x0D, 0x00, 0x00, 0x00, 0x0F, 0x00, 0x00, 0x00, 0x13, 0x00, 0x00, 0x00, 0x01,
0x00, 0x00, 0x00, 0x00, 0x00, 0x00, 0x00, 0x3A, 0x00, 0x00, 0x00, 0x0F, 0x00, 0x00, 0x00, 0x05,
0x00, 0x00, 0x00, 0x0F, 0x00, 0x00, 0x00, 0x0E, 0x00, 0x00, 0x00, 0x05, 0x00, 0x00, 0x00, 0x00,
0x00, 0x00, 0x00, 0x3B, 0x00, 0x00, 0x00, 0x13, 0x00, 0x00, 0x00, 0x07, 0x00, 0x00, 0x00, 0x0F,
0x00, 0x00, 0x00, 0x0E, 0x00, 0x00, 0x00, 0x03, 0x00, 0x00, 0x00, 0x00, 0x00, 0x00, 0x00, 0x3C,
0x00, 0x00, 0x00, 0x11, 0x00, 0x00, 0x00, 0x0C, 0x00, 0x00, 0x00, 0x0F, 0x00, 0x00, 0x00, 0x10,
0x00, 0x00, 0x00, 0x01, 0x00, 0x00, 0x00, 0x00, 0x00, 0x00, 0x00, 0x3D, 0x00, 0x00, 0x00, 0x07,
0x00, 0x00, 0x00, 0x0D, 0x00, 0x00, 0x00, 0x0F, 0x00, 0x00, 0x00, 0x0B, 0x00, 0x00, 0x00, 0x01,
0x00, 0x00, 0x00, 0x00, 0x00, 0x00, 0x00, 0x3E, 0x00, 0x00, 0x00, 0x11, 0x00, 0x00, 0x00, 0x0C,
0x00, 0x00, 0x00, 0x0F, 0x00, 0x00, 0x00, 0x10, 0x00, 0x00, 0x00, 0x02, 0x00, 0x00, 0x00, 0x00,
0x00, 0x00, 0x00, 0x3F, 0x00, 0x00, 0x00, 0x15, 0x00, 0x00, 0x00, 0x09, 0x00, 0x00, 0x00, 0x0F,
0x00, 0x00, 0x00, 0x14, 0x00, 0x00, 0x00, 0x04, 0x00, 0x00, 0x00, 0x00, 0x00, 0x00, 0x00, 0x40,
0x00, 0x00, 0x00, 0x1A, 0x00, 0x00, 0x00, 0x10, 0x00, 0x00, 0x00, 0x0F, 0x00, 0x00, 0x00, 0x14,
0x00, 0x00, 0x00, 0x00, 0x00, 0x00, 0x00, 0x00, 0x00, 0x00, 0x00, 0x41, 0x00, 0x00, 0x00, 0x12,
0x00, 0x00, 0x00, 0x10, 0x00, 0x00, 0x00, 0x0F, 0x00, 0x00, 0x00, 0x12, 0x00, 0x00, 0x00, 0x00,
0x00, 0x00, 0x00, 0x00, 0x00, 0x00, 0x00, 0x42, 0x00, 0x00, 0x00, 0x12, 0x00, 0x00, 0x00, 0x0C,
0x00, 0x00, 0x00, 0x0F, 0x00, 0x00, 0x00, 0x12, 0x00, 0x00, 0x00, 0x02, 0x00, 0x00, 0x00, 0x00,
0x00, 0x00, 0x00, 0x43, 0x00, 0x00, 0x00, 0x14, 0x00, 0x00, 0x00, 0x0D, 0x00, 0x00, 0x00, 0x0F,
0x00, 0x00, 0x00, 0x13, 0x00, 0x00, 0x00, 0x01, 0x00, 0x00, 0x00, 0x00, 0x00, 0x00, 0x00, 0x44,
0x00, 0x00, 0x00, 0x12, 0x00, 0x00, 0x00, 0x0E, 0x00, 0x00, 0x00, 0x0F, 0x00, 0x00, 0x00, 0x12,
0x00, 0x00, 0x00, 0x01, 0x00, 0x00, 0x00, 0x00, 0x00, 0x00, 0x00, 0x45, 0x00, 0x00, 0x00, 0x12,
0x00, 0x00, 0x00, 0x0B, 0x00, 0x00, 0x00, 0x0F, 0x00, 0x00, 0x00, 0x12, 0x00, 0x00, 0x00, 0x02,
0x00, 0x00, 0x00, 0x00, 0x00, 0x00, 0x00, 0x46, 0x00, 0x00, 0x00, 0x12, 0x00, 0x00, 0x00, 0x0B,
0x00, 0x00, 0x00, 0x0F, 0x00, 0x00, 0x00, 0x12, 0x00, 0x00, 0x00, 0x02, 0x00, 0x00, 0x00, 0x00,
0x00, 0x00, 0x00, 0x47, 0x00, 0x00, 0x00, 0x14, 0x00, 0x00, 0x00, 0x0E, 0x00, 0x00, 0x00, 0x0F,
0x00, 0x00, 0x00, 0x13, 0x00, 0x00, 0x00, 0x00, 0x00, 0x00, 0x00, 0x00, 0x00, 0x00, 0x00, 0x48,
0x00, 0x00, 0x00, 0x12, 0x00, 0x00, 0x00, 0x0D, 0x00, 0x00, 0x00, 0x0F, 0x00, 0x00, 0x00, 0x12,
0x00, 0x00, 0x00, 0x01, 0x00, 0x00, 0x00, 0x00, 0x00, 0x00, 0x00, 0x49, 0x00, 0x00, 0x00, 0x12,
0x00, 0x00, 0x00, 0x0C, 0x00, 0x00, 0x00, 0x0F, 0x00, 0x00, 0x00, 0x12, 0x00, 0x00, 0x00, 0x02,
0x00, 0x00, 0x00, 0x00, 0x00, 0x00, 0x00, 0x4A, 0x00, 0x00, 0x00, 0x13, 0x00, 0x00, 0x00, 0x0A,
0x00, 0x00, 0x00, 0x0F, 0x00, 0x00, 0x00, 0x12, 0x00, 0x00, 0x00, 0x02, 0x00, 0x00, 0x00, 0x00,
0x00, 0x00, 0x00, 0x4B, 0x00, 0x00, 0x00, 0x12, 0x00, 0x00, 0x00, 0x0D, 0x00, 0x00, 0x00, 0x0F,
0x00, 0x00, 0x00, 0x12, 0x00, 0x00, 0x00, 0x02, 0x00, 0x00, 0x00, 0x00, 0x00, 0x00, 0x00, 0x4C,
0x00, 0x00, 0x00, 0x12, 0x00, 0x00, 0x00, 0x0B, 0x00, 0x00, 0x00, 0x0F, 0x00, 0x00, 0x00, 0x12,
0x00, 0x00, 0x00, 0x03, 0x00, 0x00, 0x00, 0x00, 0x00, 0x00, 0x00, 0x4D, 0x00, 0x00, 0x00, 0x12,
0x00, 0x00, 0x00, 0x0F, 0x00, 0x00, 0x00, 0x0F, 0x00, 0x00, 0x00, 0x12, 0x00, 0x00, 0x00, 0x00,
0x00, 0x00, 0x00, 0x00, 0x00, 0x00, 0x00, 0x4E, 0x00, 0x00, 0x00, 0x12, 0x00, 0x00, 0x00, 0x0D,
0x00, 0x00, 0x00, 0x0F, 0x00, 0x00, 0x00, 0x12, 0x00, 0x00, 0x00, 0x01, 0x00, 0x00, 0x00, 0x00,
0x00, 0x00, 0x00, 0x4F, 0x00, 0x00, 0x00, 0x14, 0x00, 0x00, 0x00, 0x0F, 0x00, 0x00, 0x00, 0x0F,
0x00, 0x00, 0x00, 0x13, 0x00, 0x00, 0x00, 0x00, 0x00, 0x00, 0x00, 0x00, 0x00, 0x00, 0x00, 0x50,
0x00, 0x00, 0x00, 0x12, 0x00, 0x00, 0x00, 0x0C, 0x00, 0x00, 0x00, 0x0F, 0x00, 0x00, 0x00, 0x12,
0x00, 0x00, 0x00, 0x02, 0x00, 0x00, 0x00, 0x00, 0x00, 0x00, 0x00, 0x51, 0x00, 0x00, 0x00, 0x18,
0x00, 0x00, 0x00, 0x10, 0x00, 0x00, 0x00, 0x0F, 0x00, 0x00, 0x00, 0x13, 0x00, 0x00, 0x00, 0x00,
0x00, 0x00, 0x00, 0x00, 0x00, 0x00, 0x00, 0x52, 0x00, 0x00, 0x00, 0x12, 0x00, 0x00, 0x00, 0x0D,
0x00, 0x00, 0x00, 0x0F, 0x00, 0x00, 0x00, 0x12, 0x00, 0x00, 0x00, 0x02, 0x00, 0x00, 0x00, 0x00,
0x00, 0x00, 0x00, 0x53, 0x00, 0x00, 0x00, 0x14, 0x00, 0x00, 0x00, 0x0D, 0x00, 0x00, 0x00, 0x0F,
0x00, 0x00, 0x00, 0x13, 0x00, 0x00, 0x00, 0x01, 0x00, 0x00, 0x00, 0x00, 0x00, 0x00, 0x00, 0x54,
0x00, 0x00, 0x00, 0x12, 0x00, 0x00, 0x00, 0x0E, 0x00, 0x00, 0x00, 0x0F, 0x00, 0x00, 0x00, 0x12,
0x00, 0x00, 0x00, 0x01, 0x00, 0x00, 0x00, 0x00, 0x00, 0x00, 0x00, 0x55, 0x00, 0x00, 0x00, 0x13,
0x00, 0x00, 0x00, 0x0D, 0x00, 0x00, 0x00, 0x0F, 0x00, 0x00, 0x00, 0x12, 0x00, 0x00, 0x00, 0x01,
0x00, 0x00, 0x00, 0x00, 0x00, 0x00, 0x00, 0x56, 0x00, 0x00, 0x00, 0x12, 0x00, 0x00, 0x00, 0x10,
0x00, 0x00, 0x00, 0x0F, 0x00, 0x00, 0x00, 0x12, 0x00, 0x00, 0x00, 0x00, 0x00, 0x00, 0x00, 0x00,
0x00, 0x00, 0x00, 0x57, 0x00, 0x00, 0x00, 0x12, 0x00, 0x00, 0x00, 0x0F, 0x00, 0x00, 0x00, 0x0F,
0x00, 0x00, 0x00, 0x12, 0x00, 0x00, 0x00, 0x00, 0x00, 0x00, 0x00, 0x00, 0x00, 0x00, 0x00, 0x58,
0x00, 0x00, 0x00, 0x12, 0x00, 0x00, 0x00, 0x0F, 0x00, 0x00, 0x00, 0x0F, 0x00, 0x00, 0x00, 0x12,
0x00, 0x00, 0x00, 0x00, 0x00, 0x00, 0x00, 0x00, 0x00, 0x00, 0x00, 0x59, 0x00, 0x00, 0x00, 0x12,
0x00, 0x00, 0x00, 0x10, 0x00, 0x00, 0x00, 0x0F, 0x00, 0x00, 0x00, 0x12, 0x00, 0x00, 0x00, 0x00,
0x00, 0x00, 0x00, 0x00, 0x00, 0x00, 0x00, 0x5A, 0x00, 0x00, 0x00, 0x12, 0x00, 0x00, 0x00, 0x0D,
0x00, 0x00, 0x00, 0x0F, 0x00, 0x00, 0x00, 0x12, 0x00, 0x00, 0x00, 0x01, 0x00, 0x00, 0x00, 0x00,
0x00, 0x00, 0x00, 0x5B, 0x00, 0x00, 0x00, 0x1A, 0x00, 0x00, 0x00, 0x08, 0x00, 0x00, 0x00, 0x0F,
0x00, 0x00, 0x00, 0x14, 0x00, 0x00, 0x00, 0x04, 0x00, 0x00, 0x00, 0x00, 0x00, 0x00, 0x00, 0x5C,
0x00, 0x00, 0x00, 0x17, 0x00, 0x00, 0x00, 0x0C, 0x00, 0x00, 0x00, 0x0F, 0x00, 0x00, 0x00, 0x14,
0x00, 0x00, 0x00, 0x02, 0x00, 0x00, 0x00, 0x00, 0x00, 0x00, 0x00, 0x5D, 0x00, 0x00, 0x00, 0x1A,
0x00, 0x00, 0x00, 0x08, 0x00, 0x00, 0x00, 0x0F, 0x00, 0x00, 0x00, 0x14, 0x00, 0x00, 0x00, 0x03,
0x00, 0x00, 0x00, 0x00, 0x00, 0x00, 0x00, 0x5E, 0x00, 0x00, 0x00, 0x09, 0x00, 0x00, 0x00, 0x0D,
0x00, 0x00, 0x00, 0x0F, 0x00, 0x00, 0x00, 0x12, 0x00, 0x00, 0x00, 0x01, 0x00, 0x00, 0x00, 0x00,
0x00, 0x00, 0x00, 0x5F, 0x00, 0x00, 0x00, 0x03, 0x00, 0x00, 0x00, 0x10, 0x00, 0x00, 0x00, 0x0F,
0xFF, 0xFF, 0xFF, 0xFD, 0x00, 0x00, 0x00, 0x00, 0x00, 0x00, 0x00, 0x00, 0x00, 0x00, 0x00, 0x60,
0x00, 0x00, 0x00, 0x04, 0x00, 0x00, 0x00, 0x08, 0x00, 0x00, 0x00, 0x0F, 0x00, 0x00, 0x00, 0x14,
0x00, 0x00, 0x00, 0x02, 0x00, 0x00, 0x00, 0x00, 0x00, 0x00, 0x00, 0x61, 0x00, 0x00, 0x00, 0x0F,
0x00, 0x00, 0x00, 0x0D, 0x00, 0x00, 0x00, 0x0F, 0x00, 0x00, 0x00, 0x0E, 0x00, 0x00, 0x00, 0x01,
0x00, 0x00, 0x00, 0x00, 0x00, 0x00, 0x00, 0x62, 0x00, 0x00, 0x00, 0x15, 0x00, 0x00, 0x00, 0x0C,
0x00, 0x00, 0x00, 0x0F, 0x00, 0x00, 0x00, 0x14, 0x00, 0x00, 0x00, 0x02, 0x00, 0x00, 0x00, 0x00,
0x00, 0x00, 0x00, 0x63, 0x00, 0x00, 0x00, 0x0F, 0x00, 0x00, 0x00, 0x0B, 0x00, 0x00, 0x00, 0x0F,
0x00, 0x00, 0x00, 0x0E, 0x00, 0x00, 0x00, 0x02, 0x00, 0x00, 0x00, 0x00, 0x00, 0x00, 0x00, 0x64,
0x00, 0x00, 0x00, 0x15, 0x00, 0x00, 0x00, 0x0D, 0x00, 0x00, 0x00, 0x0F, 0x00, 0x00, 0x00, 0x14,
0x00, 0x00, 0x00, 0x01, 0x00, 0x00, 0x00, 0x00, 0x00, 0x00, 0x00, 0x65, 0x00, 0x00, 0x00, 0x0F,
0x00, 0x00, 0x00, 0x0D, 0x00, 0x00, 0x00, 0x0F, 0x00, 0x00, 0x00, 0x0E, 0x00, 0x00, 0x00, 0x01,
0x00, 0x00, 0x00, 0x00, 0x00, 0x00, 0x00, 0x66, 0x00, 0x00, 0x00, 0x14, 0x00, 0x00, 0x00, 0x0E,
0x00, 0x00, 0x00, 0x0F, 0x00, 0x00, 0x00, 0x14, 0x00, 0x00, 0x00, 0x01, 0x00, 0x00, 0x00, 0x00,
0x00, 0x00, 0x00, 0x67, 0x00, 0x00, 0x00, 0x14, 0x00, 0x00, 0x00, 0x0E, 0x00, 0x00, 0x00, 0x0F,
0x00, 0x00, 0x00, 0x0E, 0x00, 0x00, 0x00, 0x01, 0x00, 0x00, 0x00, 0x00, 0x00, 0x00, 0x00, 0x68,
0x00, 0x00, 0x00, 0x14, 0x00, 0x00, 0x00, 0x0C, 0x00, 0x00, 0x00, 0x0F, 0x00, 0x00, 0x00, 0x14,
0x00, 0x00, 0x00, 0x02, 0x00, 0x00, 0x00, 0x00, 0x00, 0x00, 0x00, 0x69, 0x00, 0x00, 0x00, 0x14,
0x00, 0x00, 0x00, 0x0C, 0x00, 0x00, 0x00, 0x0F, 0x00, 0x00, 0x00, 0x14, 0x00, 0x00, 0x00, 0x02,
0x00, 0x00, 0x00, 0x00, 0x00, 0x00, 0x00, 0x6A, 0x00, 0x00, 0x00, 0x1A, 0x00, 0x00, 0x00, 0x0B,
0x00, 0x00, 0x00, 0x0F, 0x00, 0x00, 0x00, 0x14, 0x00, 0x00, 0x00, 0x01, 0x00, 0x00, 0x00, 0x00,
0x00, 0x00, 0x00, 0x6B, 0x00, 0x00, 0x00, 0x14, 0x00, 0x00, 0x00, 0x0D, 0x00, 0x00, 0x00, 0x0F,
0x00, 0x00, 0x00, 0x14, 0x00, 0x00, 0x00, 0x02, 0x00, 0x00, 0x00, 0x00, 0x00, 0x00, 0x00, 0x6C,
0x00, 0x00, 0x00, 0x14, 0x00, 0x00, 0x00, 0x0C, 0x00, 0x00, 0x00, 0x0F, 0x00, 0x00, 0x00, 0x14,
0x00, 0x00, 0x00, 0x02, 0x00, 0x00, 0x00, 0x00, 0x00, 0x00, 0x00, 0x6D, 0x00, 0x00, 0x00, 0x0E,
0x00, 0x00, 0x00, 0x0E, 0x00, 0x00, 0x00, 0x0F, 0x00, 0x00, 0x00, 0x0E, 0x00, 0x00, 0x00, 0x01,
0x00, 0x00, 0x00, 0x00, 0x00, 0x00, 0x00, 0x6E, 0x00, 0x00, 0x00, 0x0E, 0x00, 0x00, 0x00, 0x0C,
0x00, 0x00, 0x00, 0x0F, 0x00, 0x00, 0x00, 0x0E, 0x00, 0x00, 0x00, 0x02, 0x00, 0x00, 0x00, 0x00,
0x00, 0x00, 0x00, 0x6F, 0x00, 0x00, 0x00, 0x0F, 0x00, 0x00, 0x00, 0x0E, 0x00, 0x00, 0x00, 0x0F,
0x00, 0x00, 0x00, 0x0E, 0x00, 0x00, 0x00, 0x01, 0x00, 0x00, 0x00, 0x00, 0x00, 0x00, 0x00, 0x70,
0x00, 0x00, 0x00, 0x14, 0x00, 0x00, 0x00, 0x0C, 0x00, 0x00, 0x00, 0x0F, 0x00, 0x00, 0x00, 0x0E,
0x00, 0x00, 0x00, 0x02, 0x00, 0x00, 0x00, 0x00, 0x00, 0x00, 0x00, 0x71, 0x00, 0x00, 0x00, 0x14,
0x00, 0x00, 0x00, 0x0D, 0x00, 0x00, 0x00, 0x0F, 0x00, 0x00, 0x00, 0x0E, 0x00, 0x00, 0x00, 0x01,
0x00, 0x00, 0x00, 0x00, 0x00, 0x00, 0x00, 0x72, 0x00, 0x00, 0x00, 0x0E, 0x00, 0x00, 0x00, 0x0D,
0x00, 0x00, 0x00, 0x0F, 0x00, 0x00, 0x00, 0x0E, 0x00, 0x00, 0x00, 0x02, 0x00, 0x00, 0x00, 0x00,
0x00, 0x00, 0x00, 0x73, 0x00, 0x00, 0x00, 0x0F, 0x00, 0x00, 0x00, 0x0C, 0x00, 0x00, 0x00, 0x0F,
0x00, 0x00, 0x00, 0x0E, 0x00, 0x00, 0x00, 0x02, 0x00, 0x00, 0x00, 0x00, 0x00, 0x00, 0x00, 0x74,
0x00, 0x00, 0x00, 0x14, 0x00, 0x00, 0x00, 0x0E, 0x00, 0x00, 0x00, 0x0F, 0x00, 0x00, 0x00, 0x13,
0x00, 0x00, 0x00, 0x00, 0x00, 0x00, 0x00, 0x00, 0x00, 0x00, 0x00, 0x75, 0x00, 0x00, 0x00, 0x0F,
0x00, 0x00, 0x00, 0x0C, 0x00, 0x00, 0x00, 0x0F, 0x00, 0x00, 0x00, 0x0E, 0x00, 0x00, 0x00, 0x02,
0x00, 0x00, 0x00, 0x00, 0x00, 0x00, 0x00, 0x76, 0x00, 0x00, 0x00, 0x0E, 0x00, 0x00, 0x00, 0x0F,
0x00, 0x00, 0x00, 0x0F, 0x00, 0x00, 0x00, 0x0E, 0x00, 0x00, 0x00, 0x00, 0x00, 0x00, 0x00, 0x00,
0x00, 0x00, 0x00, 0x77, 0x00, 0x00, 0x00, 0x0E, 0x00, 0x00, 0x00, 0x0F, 0x00, 0x00, 0x00, 0x0F,
0x00, 0x00, 0x00, 0x0E, 0x00, 0x00, 0x00, 0x00, 0x00, 0x00, 0x00, 0x00, 0x00, 0x00, 0x00, 0x78,
0x00, 0x00, 0x00, 0x0E, 0x00, 0x00, 0x00, 0x0E, 0x00, 0x00, 0x00, 0x0F, 0x00, 0x00, 0x00, 0x0E,
0x00, 0x00, 0x00, 0x01, 0x00, 0x00, 0x00, 0x00, 0x00, 0x00, 0x00, 0x79, 0x00, 0x00, 0x00, 0x14,
0x00, 0x00, 0x00, 0x0F, 0x00, 0x00, 0x00, 0x0F, 0x00, 0x00, 0x00, 0x0E, 0x00, 0x00, 0x00, 0x00,
0x00, 0x00, 0x00, 0x00, 0x00, 0x00, 0x00, 0x7A, 0x00, 0x00, 0x00, 0x0E, 0x00, 0x00, 0x00, 0x0C,
0x00, 0x00, 0x00, 0x0F, 0x00, 0x00, 0x00, 0x0E, 0x00, 0x00, 0x00, 0x02, 0x00, 0x00, 0x00, 0x00,
0x00, 0x00, 0x00, 0x7B, 0x00, 0x00, 0x00, 0x1A, 0x00, 0x00, 0x00, 0x0B, 0x00, 0x00, 0x00, 0x0F,
0x00, 0x00, 0x00, 0x14, 0x00, 0x00, 0x00, 0x02, 0x00, 0x00, 0x00, 0x00, 0x00, 0x00, 0x00, 0x7C,
0x00, 0x00, 0x00, 0x1D, 0x00, 0x00, 0x00, 0x03, 0x00, 0x00, 0x00, 0x0F, 0x00, 0x00, 0x00, 0x17,
0x00, 0x00, 0x00, 0x06, 0x00, 0x00, 0x00, 0x00, 0x00, 0x00, 0x00, 0x7D, 0x00, 0x00, 0x00, 0x1A,
0x00, 0x00, 0x00, 0x0B, 0x00, 0x00, 0x00, 0x0F, 0x00, 0x00, 0x00, 0x14, 0x00, 0x00, 0x00, 0x03,
0x00, 0x00, 0x00, 0x00, 0x00, 0x00, 0x00, 0x7E, 0x00, 0x00, 0x00, 0x07, 0x00, 0x00, 0x00, 0x0F,
0x00, 0x00, 0x00, 0x0F, 0x00, 0x00, 0x00, 0x0B, 0x00, 0x00, 0x00, 0x00, 0x00, 0x00, 0x00, 0x00,
0x00, 0x3E, 0x50, 0x50, 0x08, 0x00, 0xC2, 0xFF, 0xFF, 0x16, 0x00, 0xBB, 0xFF, 0xFF, 0x0F, 0x00,
0xB3, 0xFF, 0xFF, 0x08, 0x00, 0xAC, 0xFF, 0xFF, 0x01, 0x00, 0xA5, 0xFF, 0xFA, 0x00, 0x00, 0x9D,
0xFF, 0xF3, 0x00, 0x00, 0x96, 0xFF, 0xED, 0x00, 0x00, 0x8E, 0xFF, 0xE6, 0x00, 0x00, 0x87, 0xFF,
0xDF, 0x00, 0x00, 0x80, 0xFF, 0xD8, 0x00, 0x00, 0x78, 0xFF, 0xD1, 0x00, 0x00, 0x71, 0xFF, 0xCB,
0x00, 0x00, 0x6A, 0xFF, 0xC4, 0x00, 0x00, 0x4B, 0xC4, 0x91, 0x00, 0x00, 0x00, 0x00, 0x00, 0x00,
0x00, 0x0B, 0x4D, 0x21, 0x00, 0x01, 0xCE, 0xFF, 0xF6, 0x28, 0x17, 0xFF, 0xFF, 0xFF, 0x69, 0x00,
0xBB, 0xFF, 0xEC, 0x20, 0x00, 0x03, 0x32, 0x10, 0x00, 0x24, 0x50, 0x50, 0x2A, 0x00, 0x0B, 0x50,
0x50, 0x45, 0x6C, 0xFF, 0xFF, 0x7F, 0x00, 0x1B, 0xFF, 0xFF, 0xD3, 0x5C, 0xFF, 0xFF, 0x70, 0x00,
0x0B, 0xFF, 0xFF, 0xC3, 0x4C, 0xFF, 0xFF, 0x61, 0x00, 0x00, 0xFA, 0xFF, 0xB3, 0x3D, 0xFF, 0xFF,
0x52, 0x00, 0x00, 0xEA, 0xFF, 0xA4, 0x2D, 0xFF, 0xFF, 0x43, 0x00, 0x00, 0xDA, 0xFF, 0x94, 0x1E,
0xFF, 0xFF, 0x34, 0x00, 0x00, 0xCA, 0xFF, 0x85, 0x01, 0x18, 0x18, 0x04, 0x00, 0x00, 0x12, 0x18,
0x0B, 0x00, 0x00, 0x00, 0x00, 0x34, 0xE0, 0xAB, 0x00, 0x00, 0x00, 0xA1, 0xE0, 0x42, 0x00, 0x00,
0x00, 0x00, 0x00, 0x00, 0x55, 0xFF, 0xAC, 0x00, 0x00, 0x00, 0xD1, 0xFF, 0x33, 0x00, 0x00, 0x00,
0x00, 0x00, 0x00, 0x6F, 0xFF, 0x92, 0x00, 0x00, 0x00, 0xEB, 0xFF, 0x18, 0x00, 0x00, 0x00, 0x00,
0x00, 0x00, 0x8A, 0xFF, 0x79, 0x00, 0x00, 0x06, 0xFE, 0xFB, 0x02, 0x00, 0x00, 0x00, 0x42, 0x5C,
0x5C, 0xC2, 0xFF, 0x9C, 0x5C, 0x5C, 0x6D, 0xFF, 0xF0, 0x5C, 0x5C, 0x4A, 0x00, 0xB8, 0xFF, 0xFF,
0xFF, 0xFF, 0xFF, 0xFF, 0xFF, 0xFF, 0xFF, 0xFF, 0xFF, 0xFF, 0xD0, 0x00, 0x4D, 0x6C, 0x6C, 0xEB,
0xFF, 0x83, 0x6C, 0x6C, 0x9E, 0xFF, 0xCD, 0x6C, 0x6C, 0x57, 0x00, 0x00, 0x00, 0x00, 0xF1, 0xFF,
0x14, 0x00, 0x00, 0x6C, 0xFF, 0x94, 0x00, 0x00, 0x00, 0x00, 0x00, 0x00, 0x0C, 0xFF, 0xF9, 0x00,
0x00, 0x00, 0x86, 0xFF, 0x7B, 0x00, 0x00, 0x00, 0x00, 0x00, 0x00, 0x27, 0xFF, 0xE0, 0x00, 0x00,
0x00, 0xA0, 0xFF, 0x62, 0x00, 0x00, 0x00, 0x00, 0x00, 0x00, 0x41, 0xFF, 0xC6, 0x00, 0x00, 0x00,
0xBA, 0xFF, 0x49, 0x00, 0x00, 0x00, 0x52, 0xCC, 0xCC, 0xDC, 0xFF, 0xF1, 0xCC, 0xCC, 0xCC, 0xF4,
0xFF, 0xD7, 0xCC, 0xCC, 0x0F, 0x66, 0xFC, 0xFC, 0xFE, 0xFF, 0xFE, 0xFC, 0xFC, 0xFC, 0xFF, 0xFF,
0xFC, 0xFC, 0xFC, 0x13, 0x00, 0x00, 0x00, 0x8D, 0xFF, 0x7A, 0x00, 0x00, 0x09, 0xFF, 0xF9, 0x01,
0x00, 0x00, 0x00, 0x00, 0x00, 0x00, 0xA7, 0xFF, 0x5F, 0x00, 0x00, 0x24, 0xFF, 0xE1, 0x00, 0x00,
0x00, 0x00, 0x00, 0x00, 0x00, 0xC0, 0xFF, 0x45, 0x00, 0x00, 0x3F, 0xFF, 0xC7, 0x00, 0x00, 0x00,
0x00, 0x00, 0x00, 0x00, 0xDA, 0xFF, 0x2B, 0x00, 0x00, 0x59, 0xFF, 0xAE, 0x00, 0x00, 0x00, 0x00,
0x00, 0x00, 0x00, 0xF3, 0xFF, 0x11, 0x00, 0x00, 0x73, 0xFF, 0x94, 0x00, 0x00, 0x00, 0x00, 0x00,
0x00, 0x00, 0x00, 0x00, 0x00, 0x00, 0x68, 0x70, 0x05, 0x00, 0x00, 0x00, 0x00, 0x00, 0x00, 0x00,
0x00, 0x00, 0x09, 0xFE, 0xF3, 0x00, 0x00, 0x00, 0x00, 0x00, 0x00, 0x00, 0x00, 0x00, 0x00, 0x2A,
0xFF, 0xD0, 0x00, 0x00, 0x00, 0x00, 0x00, 0x00, 0x00, 0x1C, 0x75, 0xB1, 0xD9, 0xFF, 0xEF, 0xAD,
0x87, 0x30, 0x00, 0x00, 0x01, 0x82, 0xFA, 0xFF, 0xFF, 0xFF, 0xFF, 0xFF, 0xFF, 0xFF, 0x7C, 0x00,
0x00, 0x86, 0xFF, 0xFF, 0xBF, 0x64, 0xAE, 0xFF, 0x92, 0x60, 0x8E, 0x58, 0x00, 0x16, 0xFB, 0xFF,
0x9D, 0x00, 0x00, 0xB2, 0xFF, 0x4C, 0x00, 0x00, 0x00, 0x00, 0x4C, 0xFF, 0xFF, 0x42, 0x00, 0x00,
0xD5, 0xFF, 0x2A, 0x00, 0x00, 0x00, 0x00, 0x47, 0xFF, 0xFF, 0x69, 0x00, 0x01, 0xF6, 0xFE, 0x09,
0x00, 0x00, 0x00, 0x00, 0x0D, 0xF0, 0xFF, 0xF0, 0x53, 0x1B, 0xFF, 0xE6, 0x00, 0x00, 0x00, 0x00,
0x00, 0x00, 0x49, 0xFC, 0xFF, 0xFF, 0xE0, 0xFF, 0xC4, 0x00, 0x00, 0x00, 0x00, 0x00, 0x00, 0x00,
0x3C, 0xD4, 0xFF, 0xFF, 0xFF, 0xF3, 0x90, 0x23, 0x00, 0x00, 0x00, 0x00, 0x00, 0x00, 0x03, 0x50,
0xD3, 0xFF, 0xFF, 0xFF, 0xFA, 0x88, 0x09, 0x00, 0x00, 0x00, 0x00, 0x00, 0x00, 0xA3, 0xFF, 0xBA,
0xEF, 0xFF, 0xFF, 0xBF, 0x04, 0x00, 0x00, 0x00, 0x00, 0x00, 0xC5, 0xFF, 0x35, 0x11, 0xB2, 0xFF,
0xFF, 0x66, 0x00, 0x00, 0x00, 0x00, 0x00, 0xE7, 0xFF, 0x13, 0x00, 0x0A, 0xF5, 0xFF, 0xAB, 0x00,
0x00, 0x00, 0x00, 0x09, 0xFE, 0xF2, 0x00, 0x00, 0x00, 0xE6, 0xFF, 0xAF, 0x00, 0x00, 0x00, 0x00,
0x2A, 0xFF, 0xD1, 0x00, 0x00, 0x42, 0xFF, 0xFF, 0x7A, 0x66, 0xA0, 0x63, 0x44, 0x69, 0xFF, 0xBF,
0x48, 0x8B, 0xF4, 0xFF, 0xE7, 0x13, 0x7C, 0xFF, 0xFF, 0xFF, 0xFF, 0xFF, 0xFF, 0xFF, 0xFF, 0xFF,
0xD7, 0x2A, 0x00, 0x37, 0x99, 0xC2, 0xE0, 0xFB, 0xFF, 0xF6, 0xDA, 0xAA, 0x5A, 0x05, 0x00, 0x00,
0x00, 0x00, 0x00, 0x00, 0xB3, 0xFF, 0x4C, 0x00, 0x00, 0x00, 0x00, 0x00, 0x00, 0x00, 0x00, 0x00,
0x00, 0xD7, 0xFF, 0x29, 0x00, 0x00, 0x00, 0x00, 0x00, 0x00, 0x00, 0x00, 0x00, 0x01, 0xF8, 0xFE,
0x07, 0x00, 0x00, 0x00, 0x00, 0x00, 0x00, 0x00, 0x00, 0x00, 0x03, 0x3C, 0x38, 0x00, 0x00, 0x00,
0x00, 0x00, 0x00, 0x00, 0x00, 0x00, 0x19, 0x6B, 0x7C, 0x4B, 0x00, 0x00, 0x00, 0x00, 0x00, 0x00,
0x13, 0x50, 0x4E, 0x03, 0x00, 0x44, 0xED, 0xFF, 0xFF, 0xFF, 0xB7, 0x07, 0x00, 0x00, 0x00, 0x00,
0xAC, 0xFF, 0x97, 0x00, 0x0C, 0xE6, 0xFD, 0x78, 0x4C, 0xD9, 0xFF, 0x72, 0x00, 0x00, 0x00, 0x52,
0xFF, 0xE2, 0x0E, 0x00, 0x5C, 0xFF, 0xB3, 0x00, 0x00, 0x55, 0xFF, 0xAE, 0x00, 0x00, 0x11, 0xE7,
0xFF, 0x4A, 0x00, 0x00, 0x79, 0xFF, 0x8B, 0x00, 0x00, 0x33, 0xFF, 0xCC, 0x00, 0x00, 0xA0, 0xFF,
0xA2, 0x00, 0x00, 0x00, 0x60, 0xFF, 0xA2, 0x00, 0x00, 0x51, 0xFF, 0xB7, 0x00, 0x46, 0xFF, 0xE8,
0x12, 0x00, 0x00, 0x00, 0x28, 0xFD, 0xF3, 0x48, 0x2B, 0xCF, 0xFF, 0x5D, 0x0C, 0xE0, 0xFF, 0x54,
0x00, 0x00, 0x00, 0x00, 0x00, 0x8A, 0xFF, 0xFF, 0xFF, 0xFF, 0xB1, 0x01, 0x94, 0xFF, 0xAD, 0x00,
0x00, 0x00, 0x00, 0x00, 0x00, 0x00, 0x4D, 0x9C, 0xA1, 0x5F, 0x01, 0x3C, 0xFE, 0xEE, 0x17, 0x00,
0x00, 0x00, 0x00, 0x00, 0x00, 0x00, 0x00, 0x00, 0x00, 0x00, 0x08, 0xD8, 0xFF, 0x5E, 0x00, 0x00,
0x00, 0x00, 0x00, 0x00, 0x00, 0x00, 0x00, 0x00, 0x00, 0x00, 0x88, 0xFF, 0xB7, 0x00, 0x00, 0x00,
0x00, 0x00, 0x00, 0x00, 0x00, 0x00, 0x00, 0x00, 0x00, 0x32, 0xFB, 0xF2, 0x1E, 0x00, 0x00, 0x00,
0x00, 0x00, 0x00, 0x00, 0x00, 0x00, 0x00, 0x00, 0x04, 0xD0, 0xFF, 0x69, 0x02, 0x7B, 0xE2, 0xF5,
0xCA, 0x4B, 0x00, 0x00, 0x00, 0x00, 0x00, 0x00, 0x7C, 0xFF, 0xC0, 0x01, 0x97, 0xFF, 0xEF, 0xD2,
0xFF, 0xFD, 0x2F, 0x00, 0x00, 0x00, 0x00, 0x2A, 0xF8, 0xF6, 0x24, 0x22, 0xFD, 0xEE, 0x18, 0x00,
0x86, 0xFF, 0xAB, 0x00, 0x00, 0x00, 0x02, 0xC7, 0xFF, 0x73, 0x00, 0x56, 0xFF, 0xA7, 0x00, 0x00,
0x2D, 0xFF, 0xDD, 0x00, 0x00, 0x00, 0x71, 0xFF, 0xC9, 0x03, 0x00, 0x62, 0xFF, 0x9E, 0x00, 0x00,
0x28, 0xFF, 0xDE, 0x00, 0x00, 0x22, 0xF5, 0xF9, 0x2B, 0x00, 0x00, 0x3E, 0xFF, 0xD6, 0x02, 0x00,
0x6F, 0xFF, 0xAB, 0x00, 0x00, 0xBD, 0xFF, 0x7E, 0x00, 0x00, 0x00, 0x04, 0xD5, 0xFF, 0xC5, 0xA0,
0xFA, 0xFD, 0x2F, 0x00, 0x65, 0xFF, 0xD2, 0x05, 0x00, 0x00, 0x00, 0x00, 0x29, 0xCB, 0xFF, 0xFF,
0xE8, 0x4A, 0x00, 0x00, 0x00, 0x00, 0x00, 0x00, 0x00, 0x00, 0x00, 0x00, 0x00, 0x00, 0x13, 0x26,
0x04, 0x00, 0x00, 0x00, 0x00, 0x00, 0x00, 0x00, 0x49, 0xB1, 0xDF, 0xE3, 0xBF, 0x62, 0x01, 0x00,
0x00, 0x00, 0x00, 0x00, 0x00, 0x00, 0x00, 0x81, 0xFF, 0xFF, 0xFF, 0xFF, 0xFF, 0xFF, 0xA0, 0x00,
0x00, 0x00, 0x00, 0x00, 0x00, 0x00, 0x33, 0xFF, 0xFF, 0xB0, 0x30, 0x2C, 0xAB, 0xFF, 0xFF, 0x3E,
0x00, 0x00, 0x00, 0x00, 0x00, 0x00, 0x89, 0xFF, 0xEF, 0x0A, 0x00, 0x00, 0x09, 0xF6, 0xFF, 0x81,
0x00, 0x00, 0x00, 0x00, 0x00, 0x00, 0xA6, 0xFF, 0xCF, 0x00, 0x00, 0x00, 0x00, 0xE8, 0xFF, 0x85,
0x00, 0x00, 0x00, 0x00, 0x00, 0x00, 0x91, 0xFF, 0xF0, 0x06, 0x00, 0x00, 0x32, 0xFF, 0xFF, 0x51,
0x00, 0x00, 0x00, 0x00, 0x00, 0x00, 0x48, 0xFF, 0xFF, 0x75, 0x00, 0x22, 0xDA, 0xFF, 0xC3, 0x02,
0x00, 0x00, 0x00, 0x00, 0x00, 0x00, 0x01, 0xCA, 0xFF, 0xF9, 0x88, 0xF1, 0xFF, 0xD0, 0x1C, 0x00,
0x00, 0x00, 0x00, 0x00, 0x00, 0x00, 0x00, 0x27, 0xFA, 0xFF, 0xFF, 0xFC, 0x92, 0x0A, 0x00, 0x00,
0x00, 0x00, 0x00, 0x00, 0x00, 0x00, 0x10, 0xAE, 0xFF, 0xFF, 0xFF, 0xC8, 0x04, 0x00, 0x00, 0x22,
0x54, 0x53, 0x00, 0x00, 0x00, 0x0D, 0xCA, 0xFF, 0xF1, 0xB1, 0xFF, 0xFF, 0x90, 0x00, 0x00, 0x74,
0xFF, 0xF4, 0x00, 0x00, 0x00, 0x88, 0xFF, 0xF4, 0x32, 0x03, 0xBD, 0xFF, 0xFF, 0x5D, 0x00, 0x83,
0xFF, 0xE1, 0x00, 0x00, 0x06, 0xF3, 0xFF, 0x8B, 0x00, 0x00, 0x14, 0xE0, 0xFF, 0xF7, 0x33, 0xB4,
0xFF, 0xB7, 0x00, 0x00, 0x2B, 0xFF, 0xFF, 0x4E, 0x00, 0x00, 0x00, 0x31, 0xF6, 0xFF, 0xE1, 0xF1,
0xFF, 0x77, 0x00, 0x00, 0x30, 0xFF, 0xFF, 0x5A, 0x00, 0x00, 0x00, 0x00, 0x5B, 0xFF, 0xFF, 0xFF,
0xFD, 0x22, 0x00, 0x00, 0x10, 0xFD, 0xFF, 0xAA, 0x00, 0x00, 0x00, 0x00, 0x00, 0x94, 0xFF, 0xFF,
0xCA, 0x00, 0x00, 0x00, 0x00, 0xB4, 0xFF, 0xFF, 0x85, 0x0B, 0x00, 0x03, 0x4E, 0xE2, 0xFF, 0xFF,
0xFF, 0x66, 0x00, 0x00, 0x00, 0x21, 0xE8, 0xFF, 0xFF, 0xFD, 0xE1, 0xF2, 0xFF, 0xFF, 0xD8, 0xE4,
0xFF, 0xF9, 0x38, 0x00, 0x00, 0x00, 0x1A, 0xA0, 0xF3, 0xFF, 0xFF, 0xFF, 0xDB, 0x78, 0x0A, 0x34,
0xF7, 0xFF, 0xE5, 0x18, 0x00, 0x00, 0x00, 0x00, 0x04, 0x21, 0x2A, 0x14, 0x00, 0x00, 0x00, 0x00,
0x00, 0x00, 0x00, 0x00, 0x44, 0x50, 0x50, 0x14, 0xD0, 0xFF, 0xFF, 0x37, 0xC1, 0xFF, 0xFF, 0x27,
0xB2, 0xFF, 0xFF, 0x17, 0xA3, 0xFF, 0xFF, 0x08, 0x94, 0xFF, 0xF8, 0x00, 0x85, 0xFF, 0xE9, 0x00,
0x0B, 0x18, 0x15, 0x00, 0x00, 0x00, 0x00, 0x00, 0x00, 0x00, 0x20, 0x00, 0x00, 0x00, 0x00, 0x00,
0x00, 0x66, 0xF9, 0x52, 0x00, 0x00, 0x00, 0x00, 0x59, 0xFE, 0xFF, 0x6B, 0x00, 0x00, 0x00, 0x34,
0xF6, 0xFF, 0x82, 0x00, 0x00, 0x00, 0x0A, 0xDC, 0xFF, 0xB4, 0x01, 0x00, 0x00, 0x00, 0x8D, 0xFF,
0xED, 0x17, 0x00, 0x00, 0x00, 0x1F, 0xF9, 0xFF, 0x6A, 0x00, 0x00, 0x00, 0x00, 0x95, 0xFF, 0xE2,
0x05, 0x00, 0x00, 0x00, 0x09, 0xF0, 0xFF, 0x7D, 0x00, 0x00, 0x00, 0x00, 0x4A, 0xFF, 0xFF, 0x26,
0x00, 0x00, 0x00, 0x00, 0x8A, 0xFF, 0xE2, 0x00, 0x00, 0x00, 0x00, 0x00, 0xB5, 0xFF, 0xB4, 0x00,
0x00, 0x00, 0x00, 0x00, 0xD2, 0xFF, 0x97, 0x00, 0x00, 0x00, 0x00, 0x00, 0xDF, 0xFF, 0x8B, 0x00,
0x00, 0x00, 0x00, 0x00, 0xDB, 0xFF, 0x92, 0x00, 0x00, 0x00, 0x00, 0x00, 0xC9, 0xFF, 0xA8, 0x00,
0x00, 0x00, 0x00, 0x00, 0xA3, 0xFF, 0xD3, 0x00, 0x00, 0x00, 0x00, 0x00, 0x6F, 0xFF, 0xFD, 0x13,
0x00, 0x00, 0x00, 0x00, 0x25, 0xFF, 0xFF, 0x5F, 0x00, 0x00, 0x00, 0x00, 0x00, 0xC8, 0xFF, 0xC5,
0x00, 0x00, 0x00, 0x00, 0x00, 0x59, 0xFF, 0xFF, 0x41, 0x00, 0x00, 0x00, 0x00, 0x02, 0xCF, 0xFF,
0xCD, 0x03, 0x00, 0x00, 0x00, 0x00, 0x3B, 0xFD, 0xFF, 0x7A, 0x00, 0x00, 0x00, 0x00, 0x00, 0x85,
0xFF, 0xFC, 0x41, 0x00, 0x00, 0x00, 0x00, 0x03, 0xB6, 0xFF, 0xEE, 0x2D, 0x00, 0x00, 0x00, 0x00,
0x0D, 0xC9, 0xFF, 0x8D, 0x00, 0x00, 0x00, 0x00, 0x00, 0x0F, 0x7D, 0x02, 0x00, 0x11, 0x0E, 0x00,
0x00, 0x00, 0x00, 0x00, 0x00, 0x0E, 0xCA, 0xC7, 0x0E, 0x00, 0x00, 0x00, 0x00, 0x00, 0x25, 0xEA,
0xFF, 0xC0, 0x05, 0x00, 0x00, 0x00, 0x00, 0x00, 0x33, 0xF6, 0xFF, 0x9D, 0x00, 0x00, 0x00, 0x00,
0x00, 0x00, 0x5C, 0xFF, 0xFF, 0x56, 0x00, 0x00, 0x00, 0x00, 0x00, 0x00, 0xAC, 0xFF, 0xEC, 0x10,
0x00, 0x00, 0x00, 0x00, 0x00, 0x1A, 0xF6, 0xFF, 0x8B, 0x00, 0x00, 0x00, 0x00, 0x00, 0x00, 0x8D,
0xFF, 0xF3, 0x0E, 0x00, 0x00, 0x00, 0x00, 0x00, 0x25, 0xFF, 0xFF, 0x68, 0x00, 0x00, 0x00, 0x00,
0x00, 0x00, 0xCC, 0xFF, 0xB6, 0x00, 0x00, 0x00, 0x00, 0x00, 0x00, 0x88, 0xFF, 0xF4, 0x01, 0x00,
0x00, 0x00, 0x00, 0x00, 0x5B, 0xFF, 0xFF, 0x21, 0x00, 0x00, 0x00, 0x00, 0x00, 0x3A, 0xFF, 0xFF,
0x3B, 0x00, 0x00, 0x00, 0x00, 0x00, 0x2D, 0xFF, 0xFF, 0x47, 0x00, 0x00, 0x00, 0x00, 0x00, 0x32,
0xFF, 0xFF, 0x40, 0x00, 0x00, 0x00, 0x00, 0x00, 0x44, 0xFF, 0xFF, 0x29, 0x00, 0x00, 0x00, 0x00,
0x00, 0x6C, 0xFF, 0xFB, 0x06, 0x00, 0x00, 0x00, 0x00, 0x00, 0xA7, 0xFF, 0xC8, 0x00, 0x00, 0x00,
0x00, 0x00, 0x06, 0xED, 0xFF, 0x80, 0x00, 0x00, 0x00, 0x00, 0x00, 0x57, 0xFF, 0xFF, 0x23, 0x00,
0x00, 0x00, 0x00, 0x01, 0xD0, 0xFF, 0xB0, 0x00, 0x00, 0x00, 0x00, 0x00, 0x61, 0xFF, 0xFC, 0x2F,
0x00, 0x00, 0x00, 0x00, 0x1A, 0xEE, 0xFF, 0x8B, 0x00, 0x00, 0x00, 0x00, 0x06, 0xC6, 0xFF, 0xD1,
0x09, 0x00, 0x00, 0x00, 0x02, 0xA7, 0xFF, 0xED, 0x21, 0x00, 0x00, 0x00, 0x00, 0x31, 0xFA, 0xF2,
0x38, 0x00, 0x00, 0x00, 0x00, 0x00, 0x00, 0x51, 0x3B, 0x00, 0x00, 0x00, 0x00, 0x00, 0x00, 0x00,
0x00, 0x00, 0x00, 0x14, 0x50, 0x36, 0x00, 0x00, 0x00, 0x00, 0x00, 0x00, 0x00, 0x00, 0x00, 0x36,
0xFF, 0xA0, 0x00, 0x00, 0x00, 0x00, 0x00, 0x00, 0x0E, 0x00, 0x00, 0x24, 0xFF, 0x8D, 0x00, 0x00,
0x02, 0x0D, 0x00, 0x3E, 0xEC, 0x5A, 0x00, 0x12, 0xFF, 0x7A, 0x00, 0x23, 0xC3, 0xA3, 0x00, 0x62,
0xF0, 0xFF, 0xAF, 0x19, 0xFD, 0x68, 0x6B, 0xF5, 0xFF, 0xBF, 0x08, 0x00, 0x10, 0x82, 0xF1, 0xEC,
0xFB, 0xE8, 0xFF, 0xBD, 0x3E, 0x00, 0x00, 0x00, 0x00, 0x00, 0x29, 0xE7, 0xFF, 0xFF, 0x77, 0x00,
0x00, 0x00, 0x00, 0x00, 0x19, 0x8F, 0xF6, 0xE2, 0xFE, 0xE1, 0xFF, 0xC0, 0x45, 0x00, 0x00, 0x6C,
0xF7, 0xFE, 0x97, 0x14, 0xFF, 0x6E, 0x58, 0xEB, 0xFF, 0xC6, 0x05, 0x3D, 0xD9, 0x3E, 0x00, 0x17,
0xFF, 0x80, 0x00, 0x16, 0xAC, 0x92, 0x00, 0x00, 0x05, 0x00, 0x00, 0x28, 0xFF, 0x91, 0x00, 0x00,
0x00, 0x05, 0x00, 0x00, 0x00, 0x00, 0x00, 0x38, 0xFF, 0xA2, 0x00, 0x00, 0x00, 0x00, 0x00, 0x00,
0x00, 0x00, 0x00, 0x12, 0x48, 0x30, 0x00, 0x00, 0x00, 0x00, 0x00, 0x00, 0x00, 0x00, 0x00, 0x00,
0x03, 0x08, 0x07, 0x00, 0x00, 0x00, 0x00, 0x00, 0x00, 0x00, 0x00, 0x00, 0x00, 0x00, 0x7C, 0xFF,
0xE0, 0x00, 0x00, 0x00, 0x00, 0x00, 0x00, 0x00, 0x00, 0x00, 0x00, 0x00, 0x7C, 0xFF, 0xE0, 0x00,
0x00, 0x00, 0x00, 0x00, 0x00, 0x00, 0x00, 0x00, 0x00, 0x00, 0x7C, 0xFF, 0xE0, 0x00, 0x00, 0x00,
0x00, 0x00, 0x00, 0x00, 0x00, 0x00, 0x00, 0x00, 0x7C, 0xFF, 0xE0, 0x00, 0x00, 0x00, 0x00, 0x00,
0x00, 0x00, 0x00, 0x00, 0x00, 0x00, 0x7C, 0xFF, 0xE0, 0x00, 0x00, 0x00, 0x00, 0x00, 0x00, 0x68,
0x7C, 0x7C, 0x7C, 0x7C, 0xBB, 0xFF, 0xEF, 0x7C, 0x7C, 0x7C, 0x7C, 0x7C, 0x1F, 0xD8, 0xFF, 0xFF,
0xFF, 0xFF, 0xFF, 0xFF, 0xFF, 0xFF, 0xFF, 0xFF, 0xFF, 0xFF, 0x40, 0x80, 0x98, 0x98, 0x98, 0x98,
0xCA, 0xFF, 0xF3, 0x98, 0x98, 0x98, 0x98, 0x98, 0x26, 0x00, 0x00, 0x00, 0x00, 0x00, 0x7C, 0xFF,
0xE0, 0x00, 0x00, 0x00, 0x00, 0x00, 0x00, 0x00, 0x00, 0x00, 0x00, 0x00, 0x7C, 0xFF, 0xE0, 0x00,
0x00, 0x00, 0x00, 0x00, 0x00, 0x00, 0x00, 0x00, 0x00, 0x00, 0x7C, 0xFF, 0xE0, 0x00, 0x00, 0x00,
0x00, 0x00, 0x00, 0x00, 0x00, 0x00, 0x00, 0x00, 0x7C, 0xFF, 0xE0, 0x00, 0x00, 0x00, 0x00, 0x00,
0x00, 0x00, 0x00, 0x00, 0x00, 0x00, 0x7C, 0xFF, 0xE0, 0x00, 0x00, 0x00, 0x00, 0x00, 0x00, 0x00,
0x00, 0x00, 0x00, 0x00, 0x15, 0x2C, 0x26, 0x00, 0x00, 0x00, 0x00, 0x00, 0x00, 0x00, 0x00, 0x00,
0x26, 0x59, 0x1B, 0x00, 0x00, 0x00, 0x2A, 0xF9, 0xFF, 0xF0, 0x2B, 0x00, 0x00, 0x5E, 0xFF, 0xFF,
0xFF, 0xA0, 0x00, 0x00, 0x1C, 0xF2, 0xFF, 0xFF, 0xCD, 0x00, 0x00, 0x00, 0x6F, 0xFF, 0xFF, 0xCC,
0x00, 0x00, 0x00, 0x2F, 0xFF, 0xFF, 0x9A, 0x00, 0x00, 0x00, 0x83, 0xFF, 0xFF, 0x36, 0x2C, 0x53,
0xAC, 0xFF, 0xFF, 0x8D, 0x00, 0xC0, 0xFF, 0xFF, 0xF2, 0x74, 0x01, 0x00, 0x7B, 0x92, 0x5E, 0x11,
0x00, 0x00, 0x00, 0x39, 0x94, 0x94, 0x94, 0x94, 0x94, 0x94, 0x94, 0x73, 0x64, 0xFF, 0xFF, 0xFF,
0xFF, 0xFF, 0xFF, 0xFF, 0xC8, 0x43, 0xAC, 0xAC, 0xAC, 0xAC, 0xAC, 0xAC, 0xAC, 0x86, 0x00, 0x0E,
0x41, 0x17, 0x00, 0x26, 0xE8, 0xFF, 0xF5, 0x44, 0x97, 0xFF, 0xFF, 0xFF, 0xC1, 0x95, 0xFF, 0xFF,
0xFF, 0xBF, 0x21, 0xE2, 0xFF, 0xF1, 0x3D, 0x00, 0x09, 0x33, 0x10, 0x00, 0x00, 0x00, 0x00, 0x00,
0x00, 0x00, 0x00, 0x00, 0x00, 0x09, 0x50, 0x50, 0x0C, 0x00, 0x00, 0x00, 0x00, 0x00, 0x00, 0x00,
0x00, 0x00, 0x64, 0xFF, 0xDD, 0x02, 0x00, 0x00, 0x00, 0x00, 0x00, 0x00, 0x00, 0x00, 0x00, 0xCF,
0xFF, 0x74, 0x00, 0x00, 0x00, 0x00, 0x00, 0x00, 0x00, 0x00, 0x00, 0x3C, 0xFF, 0xF6, 0x12, 0x00,
0x00, 0x00, 0x00, 0x00, 0x00, 0x00, 0x00, 0x00, 0xA8, 0xFF, 0x9C, 0x00, 0x00, 0x00, 0x00, 0x00,
0x00, 0x00, 0x00, 0x00, 0x19, 0xFA, 0xFF, 0x30, 0x00, 0x00, 0x00, 0x00, 0x00, 0x00, 0x00, 0x00,
0x00, 0x7F, 0xFF, 0xC4, 0x00, 0x00, 0x00, 0x00, 0x00, 0x00, 0x00, 0x00, 0x00, 0x04, 0xE5, 0xFF,
0x59, 0x00, 0x00, 0x00, 0x00, 0x00, 0x00, 0x00, 0x00, 0x00, 0x57, 0xFF, 0xE7, 0x05, 0x00, 0x00,
0x00, 0x00, 0x00, 0x00, 0x00, 0x00, 0x00, 0xC3, 0xFF, 0x81, 0x00, 0x00, 0x00, 0x00, 0x00, 0x00,
0x00, 0x00, 0x00, 0x2E, 0xFF, 0xFB, 0x1A, 0x00, 0x00, 0x00, 0x00, 0x00, 0x00, 0x00, 0x00, 0x00,
0x9B, 0xFF, 0xA9, 0x00, 0x00, 0x00, 0x00, 0x00, 0x00, 0x00, 0x00, 0x00, 0x10, 0xF5, 0xFF, 0x3D,
0x00, 0x00, 0x00, 0x00, 0x00, 0x00, 0x00, 0x00, 0x00, 0x72, 0xFF, 0xD1, 0x00, 0x00, 0x00, 0x00,
0x00, 0x00, 0x00, 0x00, 0x00, 0x01, 0xDC, 0xFF, 0x66, 0x00, 0x00, 0x00, 0x00, 0x00, 0x00, 0x00,
0x00, 0x00, 0x4A, 0xFF, 0xEF, 0x0A, 0x00, 0x00, 0x00, 0x00, 0x00, 0x00, 0x00, 0x00, 0x00, 0xB6,
0xFF, 0x8E, 0x00, 0x00, 0x00, 0x00, 0x00, 0x00, 0x00, 0x00, 0x00, 0x23, 0xFE, 0xFE, 0x24, 0x00,
0x00, 0x00, 0x00, 0x00, 0x00, 0x00, 0x00, 0x00, 0x8E, 0xFF, 0xB6, 0x00, 0x00, 0x00, 0x00, 0x00,
0x00, 0x00, 0x00, 0x00, 0x0A, 0xEF, 0xFF, 0x4A, 0x00, 0x00, 0x00, 0x00, 0x00, 0x00, 0x00, 0x00,
0x00, 0x66, 0xFF, 0xDC, 0x01, 0x00, 0x00, 0x00, 0x00, 0x00, 0x00, 0x00, 0x00, 0x00, 0xD1, 0xFF,
0x72, 0x00, 0x00, 0x00, 0x00, 0x00, 0x00, 0x00, 0x00, 0x00, 0x35, 0xF0, 0xE8, 0x11, 0x00, 0x00,
0x00, 0x00, 0x00, 0x00, 0x00, 0x00, 0x00, 0x00, 0x00, 0x00, 0x00, 0x00, 0x00, 0x12, 0x0A, 0x00,
0x00, 0x00, 0x00, 0x00, 0x00, 0x00, 0x00, 0x00, 0x2D, 0xA8, 0xF4, 0xFF, 0xFF, 0xDE, 0x7E, 0x09,
0x00, 0x00, 0x00, 0x00, 0x00, 0x56, 0xF8, 0xFF, 0xFF, 0xF6, 0xFF, 0xFF, 0xFF, 0xD1, 0x11, 0x00,
0x00, 0x00, 0x2F, 0xF8, 0xFF, 0xC2, 0x2B, 0x00, 0x12, 0x84, 0xFE, 0xFF, 0xAF, 0x00, 0x00, 0x00,
0xB9, 0xFF, 0xD9, 0x0B, 0x00, 0x00, 0x00, 0x00, 0x88, 0xFF, 0xFF, 0x38, 0x00, 0x1E, 0xFF, 0xFF,
0x5A, 0x00, 0x00, 0x00, 0x00, 0x00, 0x0E, 0xF4, 0xFF, 0x94, 0x00, 0x69, 0xFF, 0xF8, 0x0B, 0x00,
0x00, 0x00, 0x00, 0x00, 0x67, 0xF8, 0xFF, 0xD4, 0x00, 0x98, 0xFF, 0xCE, 0x00, 0x00, 0x00, 0x00,
0x0E, 0xA9, 0xFF, 0xFF, 0xFF, 0xFB, 0x06, 0xB7, 0xFF, 0xAD, 0x00, 0x00, 0x00, 0x34, 0xDD, 0xFF,
0xFA, 0xB2, 0xFF, 0xFF, 0x1A, 0xC4, 0xFF, 0xA0, 0x00, 0x00, 0x70, 0xF9, 0xFF, 0xE0, 0x38, 0x3E,
0xFF, 0xFF, 0x27, 0xC6, 0xFF, 0x9C, 0x12, 0xB2, 0xFF, 0xFF, 0xAF, 0x11, 0x00, 0x3C, 0xFF, 0xFF,
0x29, 0xB9, 0xFF, 0xCE, 0xE2, 0xFF, 0xF9, 0x6F, 0x00, 0x00, 0x00, 0x47, 0xFF, 0xFF, 0x1C, 0xA4,
0xFF, 0xFF, 0xFF, 0xDC, 0x33, 0x00, 0x00, 0x00, 0x00, 0x65, 0xFF, 0xFB, 0x06, 0x78, 0xFF, 0xFF,
0xAA, 0x0E, 0x00, 0x00, 0x00, 0x00, 0x00, 0x95, 0xFF, 0xD4, 0x00, 0x3C, 0xFF, 0xFF, 0x53, 0x00,
0x00, 0x00, 0x00, 0x00, 0x04, 0xE2, 0xFF, 0x8E, 0x00, 0x01, 0xE0, 0xFF, 0xCB, 0x04, 0x00, 0x00,
0x00, 0x00, 0x69, 0xFF, 0xFE, 0x30, 0x00, 0x00, 0x61, 0xFF, 0xFF, 0xA7, 0x11, 0x00, 0x01, 0x5C,
0xF7, 0xFF, 0xA3, 0x00, 0x00, 0x00, 0x01, 0xA1, 0xFF, 0xFF, 0xFB, 0xD8, 0xE9, 0xFF, 0xFF, 0xCB,
0x0C, 0x00, 0x00, 0x00, 0x00, 0x02, 0x6E, 0xE3, 0xFF, 0xFF, 0xFF, 0xEC, 0x88, 0x08, 0x00, 0x00,
0x00, 0x00, 0x00, 0x00, 0x00, 0x01, 0x25, 0x39, 0x27, 0x05, 0x00, 0x00, 0x00, 0x00, 0x00, 0x00,
0x00, 0x00, 0x00, 0x05, 0x68, 0xE0, 0xF4, 0x9C, 0x00, 0x00, 0x00, 0x00, 0x00, 0x00, 0x01, 0x5A,
0xDC, 0xFF, 0xFF, 0xFF, 0xA4, 0x00, 0x00, 0x00, 0x00, 0x00, 0x4C, 0xD1, 0xFF, 0xFF, 0xEF, 0xFF,
0xFF, 0xA4, 0x00, 0x00, 0x00, 0x00, 0x08, 0xEC, 0xFF, 0xF8, 0x8D, 0x12, 0xFF, 0xFF, 0xA4, 0x00,
0x00, 0x00, 0x00, 0x00, 0x85, 0xA3, 0x1F, 0x00, 0x00, 0xFF, 0xFF, 0xA4, 0x00, 0x00, 0x00, 0x00,
0x00, 0x01, 0x00, 0x00, 0x00, 0x00, 0xFF, 0xFF, 0xA4, 0x00, 0x00, 0x00, 0x00, 0x00, 0x00, 0x00,
0x00, 0x00, 0x00, 0xFF, 0xFF, 0xA4, 0x00, 0x00, 0x00, 0x00, 0x00, 0x00, 0x00, 0x00, 0x00, 0x00,
0xFF, 0xFF, 0xA4, 0x00, 0x00, 0x00, 0x00, 0x00, 0x00, 0x00, 0x00, 0x00, 0x00, 0xFF, 0xFF, 0xA4,
0x00, 0x00, 0x00, 0x00, 0x00, 0x00, 0x00, 0x00, 0x00, 0x00, 0xFF, 0xFF, 0xA4, 0x00, 0x00, 0x00,
0x00, 0x00, 0x00, 0x00, 0x00, 0x00, 0x00, 0xFF, 0xFF, 0xA4, 0x00, 0x00, 0x00, 0x00, 0x00, 0x00,
0x00, 0x00, 0x00, 0x00, 0xFF, 0xFF, 0xA4, 0x00, 0x00, 0x00, 0x00, 0x00, 0x00, 0x00, 0x00, 0x00,
0x00, 0xFF, 0xFF, 0xA4, 0x00, 0x00, 0x00, 0x00, 0x00, 0x00, 0x00, 0x00, 0x00, 0x00, 0xFF, 0xFF,
0xA4, 0x00, 0x00, 0x00, 0x00, 0x00, 0x00, 0x00, 0x00, 0x00, 0x00, 0xFF, 0xFF, 0xA4, 0x00, 0x00,
0x00, 0x00, 0x00, 0x21, 0x38, 0x38, 0x38, 0x38, 0xFF, 0xFF, 0xB8, 0x38, 0x38, 0x38, 0x23, 0x00,
0x98, 0xFF, 0xFF, 0xFF, 0xFF, 0xFF, 0xFF, 0xFF, 0xFF, 0xFF, 0xFF, 0xA0, 0x00, 0x98, 0xFF, 0xFF,
0xFF, 0xFF, 0xFF, 0xFF, 0xFF, 0xFF, 0xFF, 0xFF, 0xA0, 0x00, 0x00, 0x00, 0x00, 0x04, 0x16, 0x06,
0x00, 0x00, 0x00, 0x00, 0x00, 0x00, 0x0A, 0x7A, 0xD4, 0xFE, 0xFF, 0xFC, 0xC6, 0x51, 0x00, 0x00,
0x00, 0x30, 0xE0, 0xFF, 0xFF, 0xFF, 0xFF, 0xFF, 0xFF, 0xFF, 0x82, 0x00, 0x00, 0xA5, 0xFF, 0xDA,
0x57, 0x10, 0x04, 0x45, 0xE1, 0xFF, 0xFF, 0x38, 0x00, 0x0C, 0x8D, 0x0A, 0x00, 0x00, 0x00, 0x00,
0x31, 0xFE, 0xFF, 0x9A, 0x00, 0x00, 0x00, 0x00, 0x00, 0x00, 0x00, 0x00, 0x00, 0xDB, 0xFF, 0xC6,
0x00, 0x00, 0x00, 0x00, 0x00, 0x00, 0x00, 0x00, 0x00, 0xC9, 0xFF, 0xCC, 0x00, 0x00, 0x00, 0x00,
0x00, 0x00, 0x00, 0x00, 0x00, 0xE7, 0xFF, 0xA9, 0x00, 0x00, 0x00, 0x00, 0x00, 0x00, 0x00, 0x00,
0x40, 0xFF, 0xFF, 0x59, 0x00, 0x00, 0x00, 0x00, 0x00, 0x00, 0x00, 0x0A, 0xD5, 0xFF, 0xD6, 0x04,
0x00, 0x00, 0x00, 0x00, 0x00, 0x00, 0x02, 0xAB, 0xFF, 0xF9, 0x34, 0x00, 0x00, 0x00, 0x00, 0x00,
0x00, 0x01, 0x9B, 0xFF, 0xFE, 0x5C, 0x00, 0x00, 0x00, 0x00, 0x00, 0x00, 0x01, 0x9A, 0xFF, 0xFF,
0x6B, 0x00, 0x00, 0x00, 0x00, 0x00, 0x00, 0x01, 0x9B, 0xFF, 0xFE, 0x6C, 0x00, 0x00, 0x00, 0x00,
0x00, 0x00, 0x01, 0x9C, 0xFF, 0xFE, 0x66, 0x00, 0x00, 0x00, 0x00, 0x00, 0x00, 0x01, 0x9D, 0xFF,
0xFD, 0x60, 0x00, 0x00, 0x00, 0x00, 0x00, 0x00, 0x00, 0x9D, 0xFF, 0xFF, 0x9C, 0x44, 0x44, 0x44,
0x44, 0x44, 0x44, 0x44, 0x35, 0xFC, 0xFF, 0xFF, 0xFF, 0xFF, 0xFF, 0xFF, 0xFF, 0xFF, 0xFF, 0xFF,
0xC8, 0xFC, 0xFF, 0xFF, 0xFF, 0xFF, 0xFF, 0xFF, 0xFF, 0xFF, 0xFF, 0xFF, 0xC8, 0x00, 0x00, 0x00,
0x06, 0x17, 0x11, 0x01, 0x00, 0x00, 0x00, 0x00, 0x00, 0x21, 0xA3, 0xDD, 0xFD, 0xFF, 0xFF, 0xF3,
0xB7, 0x4A, 0x00, 0x00, 0x00, 0x48, 0xFF, 0xFF, 0xFF, 0xFA, 0xFF, 0xFF, 0xFF, 0xFF, 0x84, 0x00,
0x00, 0x2C, 0x74, 0x32, 0x0F, 0x00, 0x0C, 0x4B, 0xDA, 0xFF, 0xFE, 0x30, 0x00, 0x00, 0x00, 0x00,
0x00, 0x00, 0x00, 0x00, 0x32, 0xFF, 0xFF, 0x7C, 0x00, 0x00, 0x00, 0x00, 0x00, 0x00, 0x00, 0x00,
0x01, 0xF7, 0xFF, 0x8A, 0x00, 0x00, 0x00, 0x00, 0x00, 0x00, 0x00, 0x00, 0x13, 0xFF, 0xFF, 0x65,
0x00, 0x00, 0x00, 0x00, 0x00, 0x00, 0x00, 0x00, 0x88, 0xFF, 0xEC, 0x0D, 0x00, 0x00, 0x00, 0x1B,
0x30, 0x34, 0x53, 0xAE, 0xFF, 0xEF, 0x39, 0x00, 0x00, 0x00, 0x00, 0x90, 0xFF, 0xFF, 0xFF, 0xFF,
0xF0, 0x47, 0x00, 0x00, 0x00, 0x00, 0x00, 0x6E, 0xC4, 0xC7, 0xE0, 0xFA, 0xFF, 0xFF, 0xB0, 0x11,
0x00, 0x00, 0x00, 0x00, 0x00, 0x00, 0x00, 0x12, 0x73, 0xF5, 0xFF, 0xB5, 0x00, 0x00, 0x00, 0x00,
0x00, 0x00, 0x00, 0x00, 0x00, 0x60, 0xFF, 0xFF, 0x40, 0x00, 0x00, 0x00, 0x00, 0x00, 0x00, 0x00,
0x00, 0x14, 0xFF, 0xFF, 0x68, 0x00, 0x00, 0x00, 0x00, 0x00, 0x00, 0x00, 0x00, 0x26, 0xFF, 0xFF,
0x54, 0x00, 0x00, 0x00, 0x00, 0x00, 0x00, 0x00, 0x00, 0x8C, 0xFF, 0xF8, 0x12, 0x10, 0x01, 0x00,
0x00, 0x00, 0x00, 0x23, 0x95, 0xFF, 0xFF, 0x7F, 0x00, 0xC0, 0xF5, 0xDE, 0xD4, 0xD6, 0xEC, 0xFF,
0xFF, 0xFE, 0x90, 0x01, 0x00, 0xC0, 0xFF, 0xFF, 0xFF, 0xFF, 0xFF, 0xEF, 0xA7, 0x39, 0x00, 0x00,
0x00, 0x08, 0x25, 0x36, 0x3D, 0x35, 0x21, 0x01, 0x00, 0x00, 0x00, 0x00, 0x00, 0x00, 0x00, 0x00,
0x00, 0x00, 0x00, 0x00, 0x19, 0xD7, 0xE0, 0xE0, 0x8C, 0x00, 0x00, 0x00, 0x00, 0x00, 0x00, 0x00,
0x00, 0x00, 0x00, 0xAE, 0xFF, 0xFF, 0xFF, 0xA0, 0x00, 0x00, 0x00, 0x00, 0x00, 0x00, 0x00, 0x00,
0x00, 0x53, 0xFF, 0xF8, 0xEB, 0xFF, 0xA0, 0x00, 0x00, 0x00, 0x00, 0x00, 0x00, 0x00, 0x00, 0x10,
0xE7, 0xFF, 0x7B, 0xD0, 0xFF, 0xA0, 0x00, 0x00, 0x00, 0x00, 0x00, 0x00, 0x00, 0x00, 0x9D, 0xFF,
0xCF, 0x04, 0xD0, 0xFF, 0xA0, 0x00, 0x00, 0x00, 0x00, 0x00, 0x00, 0x00, 0x42, 0xFF, 0xFB, 0x32,
0x00, 0xD0, 0xFF, 0xA0, 0x00, 0x00, 0x00, 0x00, 0x00, 0x00, 0x09, 0xDC, 0xFF, 0x86, 0x00, 0x00,
0xD0, 0xFF, 0xA0, 0x00, 0x00, 0x00, 0x00, 0x00, 0x00, 0x8B, 0xFF, 0xD7, 0x07, 0x00, 0x00, 0xD0,
0xFF, 0xA0, 0x00, 0x00, 0x00, 0x00, 0x00, 0x33, 0xFC, 0xFD, 0x3B, 0x00, 0x00, 0x00, 0xD0, 0xFF,
0xA0, 0x00, 0x00, 0x00, 0x00, 0x04, 0xCF, 0xFF, 0x91, 0x00, 0x00, 0x00, 0x00, 0xD0, 0xFF, 0xA0,
0x00, 0x00, 0x00, 0x00, 0x79, 0xFF, 0xDF, 0x0B, 0x00, 0x00, 0x00, 0x00, 0xD0, 0xFF, 0xA0, 0x00,
0x00, 0x00, 0x25, 0xF7, 0xFF, 0x50, 0x0C, 0x0C, 0x0C, 0x0C, 0x0C, 0xD2, 0xFF, 0xA4, 0x0C, 0x0C,
0x08, 0x68, 0xFF, 0xFF, 0xFF, 0xFF, 0xFF, 0xFF, 0xFF, 0xFF, 0xFF, 0xFF, 0xFF, 0xFF, 0xFF, 0xAC,
0x68, 0xFF, 0xFF, 0xFF, 0xFF, 0xFF, 0xFF, 0xFF, 0xFF, 0xFF, 0xFF, 0xFF, 0xFF, 0xFF, 0xAC, 0x04,
0x0C, 0x0C, 0x0C, 0x0C, 0x0C, 0x0C, 0x0C, 0x0C, 0xD2, 0xFF, 0xA4, 0x0C, 0x0C, 0x08, 0x00, 0x00,
0x00, 0x00, 0x00, 0x00, 0x00, 0x00, 0x00, 0xD0, 0xFF, 0xA0, 0x00, 0x00, 0x00, 0x00, 0x00, 0x00,
0x00, 0x00, 0x00, 0x00, 0x00, 0x00, 0xD0, 0xFF, 0xA0, 0x00, 0x00, 0x00, 0x00, 0x00, 0x00, 0x00,
0x00, 0x00, 0x00, 0x00, 0x00, 0xD0, 0xFF, 0xA0, 0x00, 0x00, 0x00, 0x38, 0xE0, 0xE0, 0xE0, 0xE0,
0xE0, 0xE0, 0xE0, 0xE0, 0xE0, 0x54, 0x00, 0x40, 0xFF, 0xFF, 0xFF, 0xFF, 0xFF, 0xFF, 0xFF, 0xFF,
0xFF, 0x60, 0x00, 0x40, 0xFF, 0xFC, 0x34, 0x34, 0x34, 0x34, 0x34, 0x34, 0x34, 0x13, 0x00, 0x40,
0xFF, 0xFC, 0x00, 0x00, 0x00, 0x00, 0x00, 0x00, 0x00, 0x00, 0x00, 0x40, 0xFF, 0xFC, 0x00, 0x00,
0x00, 0x00, 0x00, 0x00, 0x00, 0x00, 0x00, 0x40, 0xFF, 0xFC, 0x00, 0x00, 0x00, 0x00, 0x00, 0x00,
0x00, 0x00, 0x00, 0x40, 0xFF, 0xFC, 0x00, 0x00, 0x00, 0x00, 0x00, 0x00, 0x00, 0x00, 0x00, 0x40,
0xFF, 0xFF, 0xC8, 0xC5, 0xB1, 0x99, 0x6B, 0x19, 0x00, 0x00, 0x00, 0x40, 0xFF, 0xFF, 0xFF, 0xFF,
0xFF, 0xFF, 0xFF, 0xF8, 0x7C, 0x01, 0x00, 0x11, 0x44, 0x44, 0x44, 0x48, 0x5D, 0x93, 0xEF, 0xFF,
0xFF, 0x7B, 0x00, 0x00, 0x00, 0x00, 0x00, 0x00, 0x00, 0x00, 0x16, 0xD7, 0xFF, 0xF4, 0x0D, 0x00,
0x00, 0x00, 0x00, 0x00, 0x00, 0x00, 0x00, 0x5E, 0xFF, 0xFF, 0x3E, 0x00, 0x00, 0x00, 0x00, 0x00,
0x00, 0x00, 0x00, 0x3E, 0xFF, 0xFF, 0x4B, 0x00, 0x00, 0x00, 0x00, 0x00, 0x00, 0x00, 0x00, 0x63,
0xFF, 0xFF, 0x29, 0x00, 0x00, 0x00, 0x00, 0x00, 0x00, 0x00, 0x0C, 0xD6, 0xFF, 0xD0, 0x00, 0x10,
0x03, 0x00, 0x00, 0x00, 0x03, 0x46, 0xD1, 0xFF, 0xFA, 0x3A, 0x00, 0x90, 0xF9, 0xDF, 0xD5, 0xD7,
0xF4, 0xFF, 0xFF, 0xEE, 0x4B, 0x00, 0x00, 0x90, 0xFF, 0xFF, 0xFF, 0xFF, 0xFF, 0xE0, 0x87, 0x16,
0x00, 0x00, 0x00, 0x05, 0x21, 0x33, 0x3E, 0x35, 0x1A, 0x00, 0x00, 0x00, 0x00, 0x00, 0x00, 0x00,
0x00, 0x00, 0x00, 0x00, 0x1B, 0x70, 0xA9, 0xCC, 0xDA, 0xE0, 0x88, 0x00, 0x00, 0x00, 0x00, 0x0A,
0x92, 0xFB, 0xFF, 0xFF, 0xFF, 0xFF, 0xFF, 0x9C, 0x00, 0x00, 0x00, 0x0D, 0xCC, 0xFF, 0xFF, 0xC4,
0x76, 0x48, 0x38, 0x34, 0x1F, 0x00, 0x00, 0x00, 0xA0, 0xFF, 0xED, 0x48, 0x00, 0x00, 0x00, 0x00,
0x00, 0x00, 0x00, 0x00, 0x2B, 0xFD, 0xFF, 0x40, 0x00, 0x00, 0x00, 0x00, 0x00, 0x00, 0x00, 0x00,
0x00, 0x9B, 0xFF, 0xB3, 0x00, 0x00, 0x00, 0x00, 0x00, 0x00, 0x00, 0x00, 0x00, 0x00, 0xDB, 0xFF,
0x62, 0x00, 0x00, 0x00, 0x00, 0x00, 0x00, 0x00, 0x00, 0x00, 0x16, 0xFF, 0xFF, 0x4F, 0x7B, 0xC2,
0xEC, 0xFB, 0xEC, 0xB9, 0x53, 0x00, 0x00, 0x32, 0xFF, 0xFF, 0xFD, 0xFF, 0xFF, 0xF8, 0xF4, 0xFF,
0xFF, 0xFF, 0x98, 0x00, 0x42, 0xFF, 0xFF, 0xE5, 0x77, 0x26, 0x00, 0x00, 0x2C, 0xC3, 0xFF, 0xFF,
0x55, 0x4C, 0xFF, 0xFF, 0x2B, 0x00, 0x00, 0x00, 0x00, 0x00, 0x0E, 0xEB, 0xFF, 0xBB, 0x41, 0xFF,
0xFF, 0x31, 0x00, 0x00, 0x00, 0x00, 0x00, 0x00, 0x9F, 0xFF, 0xEE, 0x29, 0xFF, 0xFF, 0x4E, 0x00,
0x00, 0x00, 0x00, 0x00, 0x00, 0x83, 0xFF, 0xF9, 0x04, 0xF8, 0xFF, 0x82, 0x00, 0x00, 0x00, 0x00,
0x00, 0x00, 0x9A, 0xFF, 0xDD, 0x00, 0xB2, 0xFF, 0xDC, 0x04, 0x00, 0x00, 0x00, 0x00, 0x14, 0xEC,
0xFF, 0x94, 0x00, 0x43, 0xFF, 0xFF, 0x9C, 0x07, 0x00, 0x00, 0x1A, 0xBD, 0xFF, 0xF4, 0x1F, 0x00,
0x00, 0x91, 0xFF, 0xFF, 0xEE, 0xBE, 0xCC, 0xF7, 0xFF, 0xF6, 0x4C, 0x00, 0x00, 0x00, 0x00, 0x69,
0xE1, 0xFF, 0xFF, 0xFF, 0xF9, 0xB0, 0x2B, 0x00, 0x00, 0x00, 0x00, 0x00, 0x00, 0x00, 0x21, 0x39,
0x30, 0x0B, 0x00, 0x00, 0x00, 0x00, 0x5B, 0xE0, 0xE0, 0xE0, 0xE0, 0xE0, 0xE0, 0xE0, 0xE0, 0xE0,
0xE0, 0xE0, 0x9A, 0x68, 0xFF, 0xFF, 0xFF, 0xFF, 0xFF, 0xFF, 0xFF, 0xFF, 0xFF, 0xFF, 0xFF, 0xB0,
0x23, 0x58, 0x58, 0x58, 0x58, 0x58, 0x58, 0x58, 0x58, 0x59, 0xEF, 0xFF, 0x95, 0x00, 0x00, 0x00,
0x00, 0x00, 0x00, 0x00, 0x00, 0x00, 0x53, 0xFF, 0xFC, 0x25, 0x00, 0x00, 0x00, 0x00, 0x00, 0x00,
0x00, 0x00, 0x01, 0xD1, 0xFF, 0xA7, 0x00, 0x00, 0x00, 0x00, 0x00, 0x00, 0x00, 0x00, 0x00, 0x52,
0xFF, 0xFE, 0x2D, 0x00, 0x00, 0x00, 0x00, 0x00, 0x00, 0x00, 0x00, 0x01, 0xD0, 0xFF, 0xB1, 0x00,
0x00, 0x00, 0x00, 0x00, 0x00, 0x00, 0x00, 0x00, 0x50, 0xFF, 0xFF, 0x37, 0x00, 0x00, 0x00, 0x00,
0x00, 0x00, 0x00, 0x00, 0x00, 0xCE, 0xFF, 0xBC, 0x00, 0x00, 0x00, 0x00, 0x00, 0x00, 0x00, 0x00,
0x00, 0x4F, 0xFF, 0xFF, 0x42, 0x00, 0x00, 0x00, 0x00, 0x00, 0x00, 0x00, 0x00, 0x00, 0xCD, 0xFF,
0xC7, 0x00, 0x00, 0x00, 0x00, 0x00, 0x00, 0x00, 0x00, 0x00, 0x4D, 0xFF, 0xFF, 0x4C, 0x00, 0x00,
0x00, 0x00, 0x00, 0x00, 0x00, 0x00, 0x00, 0xCB, 0xFF, 0xD1, 0x00, 0x00, 0x00, 0x00, 0x00, 0x00,
0x00, 0x00, 0x00, 0x4C, 0xFF, 0xFF, 0x57, 0x00, 0x00, 0x00, 0x00, 0x00, 0x00, 0x00, 0x00, 0x00,
0xCA, 0xFF, 0xDA, 0x02, 0x00, 0x00, 0x00, 0x00, 0x00, 0x00, 0x00, 0x00, 0x4A, 0xFF, 0xFF, 0x62,
0x00, 0x00, 0x00, 0x00, 0x00, 0x00, 0x00, 0x00, 0x00, 0xC8, 0xFF, 0xE2, 0x05, 0x00, 0x00, 0x00,
0x00, 0x00, 0x00, 0x00, 0x00, 0x48, 0xFF, 0xFF, 0x6D, 0x00, 0x00, 0x00, 0x00, 0x00, 0x00, 0x00,
0x00, 0x00, 0x00, 0x00, 0x00, 0x05, 0x16, 0x11, 0x01, 0x00, 0x00, 0x00, 0x00, 0x00, 0x00, 0x02,
0x66, 0xCA, 0xFC, 0xFF, 0xFF, 0xF1, 0xB3, 0x42, 0x00, 0x00, 0x00, 0x08, 0xBB, 0xFF, 0xFF, 0xFB,
0xE4, 0xF2, 0xFF, 0xFF, 0xFF, 0x6D, 0x00, 0x00, 0x82, 0xFF, 0xFB, 0x68, 0x07, 0x00, 0x00, 0x34,
0xD3, 0xFF, 0xF9, 0x17, 0x00, 0xDE, 0xFF, 0x9D, 0x00, 0x00, 0x00, 0x00, 0x00, 0x38, 0xFF, 0xFF,
0x54, 0x00, 0xF3, 0xFF, 0x85, 0x00, 0x00, 0x00, 0x00, 0x00, 0x1B, 0xFF, 0xFF, 0x53, 0x00, 0xCD,
0xFF, 0xD8, 0x0A, 0x00, 0x00, 0x00, 0x00, 0x69, 0xFF, 0xFE, 0x23, 0x00, 0x60, 0xFF, 0xFF, 0xC6,
0x22, 0x00, 0x00, 0x55, 0xF5, 0xFF, 0x9F, 0x00, 0x00, 0x00, 0x8C, 0xFF, 0xFF, 0xF9, 0x98, 0xB6,
0xFF, 0xFF, 0xAF, 0x07, 0x00, 0x00, 0x00, 0x00, 0x4D, 0xEB, 0xFF, 0xFF, 0xFF, 0xFF, 0x7B, 0x00,
0x00, 0x00, 0x00, 0x00, 0x13, 0x9E, 0xFE, 0xFF, 0xF8, 0xFF, 0xFF, 0xF5, 0x71, 0x00, 0x00, 0x00,
0x1A, 0xD8, 0xFF, 0xF5, 0x6E, 0x08, 0x62, 0xE9, 0xFF, 0xFF, 0x8E, 0x00, 0x00, 0xBB, 0xFF, 0xF1,
0x36, 0x00, 0x00, 0x00, 0x15, 0xC9, 0xFF, 0xFF, 0x40, 0x29, 0xFF, 0xFF, 0x78, 0x00, 0x00, 0x00,
0x00, 0x00, 0x1C, 0xFB, 0xFF, 0xA7, 0x52, 0xFF, 0xFF, 0x3E, 0x00, 0x00, 0x00, 0x00, 0x00, 0x00,
0xD8, 0xFF, 0xC1, 0x4D, 0xFF, 0xFF, 0x64, 0x00, 0x00, 0x00, 0x00, 0x00, 0x09, 0xEE, 0xFF, 0xA6,
0x0F, 0xF3, 0xFF, 0xF2, 0x52, 0x02, 0x00, 0x00, 0x20, 0xB6, 0xFF, 0xFF, 0x4A, 0x00, 0x5B, 0xFD,
0xFF, 0xFF, 0xEF, 0xD3, 0xE0, 0xFD, 0xFF, 0xFF, 0x8F, 0x00, 0x00, 0x00, 0x3B, 0xBB, 0xFC, 0xFF,
0xFF, 0xFF, 0xFE, 0xC5, 0x50, 0x00, 0x00, 0x00, 0x00, 0x00, 0x00, 0x0A, 0x2E, 0x3C, 0x31, 0x0D,
0x00, 0x00, 0x00, 0x00, 0x00, 0x00, 0x00, 0x00, 0x00, 0x05, 0x15, 0x06, 0x00, 0x00, 0x00, 0x00,
0x00, 0x00, 0x00, 0x02, 0x5E, 0xC6, 0xFD, 0xFF, 0xFE, 0xCE, 0x63, 0x02, 0x00, 0x00, 0x00, 0x09,
0xB7, 0xFF, 0xFF, 0xFB, 0xE0, 0xF6, 0xFF, 0xFF, 0xA4, 0x01, 0x00, 0x00, 0x9E, 0xFF, 0xF7, 0x6D,
0x06, 0x00, 0x08, 0x78, 0xFF, 0xFF, 0x6A, 0x00, 0x29, 0xFE, 0xFF, 0x78, 0x00, 0x00, 0x00, 0x00,
0x00, 0x9F, 0xFF, 0xE4, 0x03, 0x77, 0xFF, 0xFA, 0x0A, 0x00, 0x00, 0x00, 0x00, 0x00, 0x36, 0xFF,
0xFF, 0x41, 0x98, 0xFF, 0xE5, 0x00, 0x00, 0x00, 0x00, 0x00, 0x00, 0x02, 0xF8, 0xFF, 0x77, 0x93,
0xFF, 0xF9, 0x01, 0x00, 0x00, 0x00, 0x00, 0x00, 0x00, 0xDA, 0xFF, 0x98, 0x68, 0xFF, 0xFF, 0x42,
0x00, 0x00, 0x00, 0x00, 0x00, 0x00, 0xCD, 0xFF, 0xA7, 0x14, 0xF4, 0xFF, 0xDB, 0x35, 0x00, 0x00,
0x01, 0x30, 0x9B, 0xFC, 0xFF, 0xA8, 0x00, 0x5E, 0xFD, 0xFF, 0xFF, 0xEA, 0xD2, 0xED, 0xFF, 0xFF,
0xFF, 0xFF, 0x97, 0x00, 0x00, 0x40, 0xBF, 0xFB, 0xFF, 0xFF, 0xF6, 0xBC, 0x5C, 0xD8, 0xFF, 0x81,
0x00, 0x00, 0x00, 0x00, 0x08, 0x1D, 0x1A, 0x03, 0x00, 0x03, 0xF7, 0xFF, 0x4A, 0x00, 0x00, 0x00,
0x00, 0x00, 0x00, 0x00, 0x00, 0x00, 0x46, 0xFF, 0xF9, 0x10, 0x00, 0x00, 0x00, 0x00, 0x00, 0x00,
0x00, 0x00, 0x04, 0xC8, 0xFF, 0x9E, 0x00, 0x00, 0x00, 0x00, 0x00, 0x00, 0x00, 0x00, 0x11, 0xAF,
0xFF, 0xF0, 0x22, 0x00, 0x00, 0x0A, 0x14, 0x19, 0x28, 0x4F, 0x91, 0xEC, 0xFF, 0xF8, 0x4B, 0x00,
0x00, 0x00, 0x88, 0xFF, 0xFF, 0xFF, 0xFF, 0xFF, 0xFF, 0xD1, 0x32, 0x00, 0x00, 0x00, 0x00, 0x88,
0xFF, 0xF7, 0xE7, 0xC8, 0x90, 0x43, 0x00, 0x00, 0x00, 0x00, 0x00, 0x00, 0x82, 0xE7, 0xBD, 0x1B,
0x3E, 0xFF, 0xFF, 0xFF, 0xA3, 0x51, 0xFF, 0xFF, 0xFF, 0xB7, 0x07, 0xC4, 0xFF, 0xF1, 0x3D, 0x00,
0x02, 0x29, 0x0F, 0x00, 0x00, 0x00, 0x00, 0x00, 0x00, 0x00, 0x00, 0x00, 0x00, 0x00, 0x00, 0x00,
0x00, 0x00, 0x00, 0x00, 0x00, 0x00, 0x00, 0x00, 0x00, 0x00, 0x00, 0x00, 0x00, 0x00, 0x7C, 0xE3,
0xB8, 0x18, 0x3B, 0xFF, 0xFF, 0xFF, 0x9F, 0x51, 0xFF, 0xFF, 0xFF, 0xB7, 0x08, 0xCA, 0xFF, 0xF4,
0x42, 0x00, 0x04, 0x31, 0x14, 0x00, 0x00, 0x00, 0x00, 0x82, 0xE7, 0xBD, 0x1B, 0x00, 0x00, 0x3E,
0xFF, 0xFF, 0xFF, 0xA3, 0x00, 0x00, 0x51, 0xFF, 0xFF, 0xFF, 0xB7, 0x00, 0x00, 0x07, 0xC4, 0xFF,
0xF1, 0x3D, 0x00, 0x00, 0x00, 0x02, 0x29, 0x0F, 0x00, 0x00, 0x00, 0x00, 0x00, 0x00, 0x00, 0x00,
0x00, 0x00, 0x00, 0x00, 0x00, 0x00, 0x00, 0x00, 0x00, 0x00, 0x00, 0x00, 0x00, 0x00, 0x00, 0x00,
0x00, 0x00, 0x00, 0x00, 0x00, 0x00, 0x00, 0x00, 0x1A, 0x59, 0x27, 0x00, 0x00, 0x00, 0x0E, 0xE9,
0xFF, 0xFA, 0x49, 0x00, 0x00, 0x32, 0xFF, 0xFF, 0xFF, 0xC8, 0x00, 0x00, 0x07, 0xDD, 0xFF, 0xFF,
0xF5, 0x00, 0x00, 0x00, 0x44, 0xFF, 0xFF, 0xF4, 0x00, 0x00, 0x00, 0x05, 0xFE, 0xFF, 0xC2, 0x00,
0x00, 0x00, 0x5A, 0xFF, 0xFF, 0x5D, 0x21, 0x4C, 0x99, 0xFC, 0xFF, 0xB3, 0x02, 0x94, 0xFF, 0xFF,
0xFA, 0x8F, 0x06, 0x00, 0x60, 0x97, 0x6A, 0x1D, 0x00, 0x00, 0x00, 0x00, 0x00, 0x00, 0x00, 0x00,
0x00, 0x00, 0x00, 0x00, 0x00, 0x03, 0x00, 0x00, 0x00, 0x00, 0x00, 0x00, 0x00, 0x00, 0x00, 0x08,
0xA6, 0xA8, 0x03, 0x00, 0x00, 0x00, 0x00, 0x00, 0x00, 0x00, 0x18, 0xC9, 0xFF, 0xFC, 0x43, 0x00,
0x00, 0x00, 0x00, 0x00, 0x00, 0x31, 0xE3, 0xFF, 0xEE, 0x44, 0x00, 0x00, 0x00, 0x00, 0x00, 0x00,
0x52, 0xF5, 0xFF, 0xD6, 0x24, 0x00, 0x00, 0x00, 0x00, 0x00, 0x00, 0x7A, 0xFE, 0xFF, 0xB4, 0x0E,
0x00, 0x00, 0x00, 0x00, 0x00, 0x07, 0xA4, 0xFF, 0xFF, 0x8A, 0x02, 0x00, 0x00, 0x00, 0x00, 0x00,
0x17, 0xC7, 0xFF, 0xF7, 0x5C, 0x00, 0x00, 0x00, 0x00, 0x00, 0x00, 0x03, 0xCF, 0xFF, 0xFF, 0x65,
0x00, 0x00, 0x00, 0x00, 0x00, 0x00, 0x00, 0x00, 0x24, 0xD7, 0xFF, 0xF4, 0x51, 0x00, 0x00, 0x00,
0x00, 0x00, 0x00, 0x00, 0x00, 0x10, 0xB9, 0xFF, 0xFE, 0x7A, 0x00, 0x00, 0x00, 0x00, 0x00, 0x00,
0x00, 0x00, 0x03, 0x93, 0xFF, 0xFF, 0xA5, 0x08, 0x00, 0x00, 0x00, 0x00, 0x00, 0x00, 0x00, 0x00,
0x69, 0xFB, 0xFF, 0xC8, 0x18, 0x00, 0x00, 0x00, 0x00, 0x00, 0x00, 0x00, 0x00, 0x43, 0xEE, 0xFF,
0xE3, 0x31, 0x00, 0x00, 0x00, 0x00, 0x00, 0x00, 0x00, 0x00, 0x26, 0xD9, 0xFF, 0xF5, 0x3C, 0x00,
0x00, 0x00, 0x00, 0x00, 0x00, 0x00, 0x00, 0x10, 0xBB, 0xBC, 0x09, 0x00, 0x00, 0x00, 0x00, 0x00,
0x00, 0x00, 0x00, 0x00, 0x04, 0x09, 0x00, 0x28, 0xD8, 0xD8, 0xD8, 0xD8, 0xD8, 0xD8, 0xD8, 0xD8,
0xD8, 0xD8, 0xD8, 0x7C, 0x30, 0xFF, 0xFF, 0xFF, 0xFF, 0xFF, 0xFF, 0xFF, 0xFF, 0xFF, 0xFF, 0xFF,
0x94, 0x08, 0x2C, 0x2C, 0x2C, 0x2C, 0x2C, 0x2C, 0x2C, 0x2C, 0x2C, 0x2C, 0x2C, 0x19, 0x00, 0x00,
0x00, 0x00, 0x00, 0x00, 0x00, 0x00, 0x00, 0x00, 0x00, 0x00, 0x00, 0x03, 0x14, 0x14, 0x14, 0x14,
0x14, 0x14, 0x14, 0x14, 0x14, 0x14, 0x14, 0x0B, 0x30, 0xFF, 0xFF, 0xFF, 0xFF, 0xFF, 0xFF, 0xFF,
0xFF, 0xFF, 0xFF, 0xFF, 0x94, 0x2C, 0xEC, 0xEC, 0xEC, 0xEC, 0xEC, 0xEC, 0xEC, 0xEC, 0xEC, 0xEC,
0xEC, 0x88, 0x00, 0x00, 0x04, 0x00, 0x00, 0x00, 0x00, 0x00, 0x00, 0x00, 0x00, 0x00, 0x00, 0x4C,
0xDD, 0x30, 0x00, 0x00, 0x00, 0x00, 0x00, 0x00, 0x00, 0x00, 0x04, 0xD3, 0xFF, 0xF4, 0x51, 0x00,
0x00, 0x00, 0x00, 0x00, 0x00, 0x00, 0x00, 0x11, 0xBC, 0xFF, 0xFE, 0x79, 0x00, 0x00, 0x00, 0x00,
0x00, 0x00, 0x00, 0x00, 0x04, 0x95, 0xFF, 0xFF, 0xA3, 0x07, 0x00, 0x00, 0x00, 0x00, 0x00, 0x00,
0x00, 0x00, 0x6A, 0xFB, 0xFF, 0xC6, 0x17, 0x00, 0x00, 0x00, 0x00, 0x00, 0x00, 0x00, 0x00, 0x43,
0xEE, 0xFF, 0xE1, 0x2E, 0x00, 0x00, 0x00, 0x00, 0x00, 0x00, 0x00, 0x00, 0x25, 0xD8, 0xFF, 0xF3,
0x4E, 0x00, 0x00, 0x00, 0x00, 0x00, 0x00, 0x00, 0x00, 0x14, 0xEB, 0xFF, 0xFD, 0x38, 0x00, 0x00,
0x00, 0x00, 0x00, 0x00, 0x12, 0xBC, 0xFF, 0xFA, 0x65, 0x00, 0x00, 0x00, 0x00, 0x00, 0x00, 0x29,
0xDB, 0xFF, 0xEC, 0x40, 0x00, 0x00, 0x00, 0x00, 0x00, 0x00, 0x4A, 0xF1, 0xFF, 0xD7, 0x23, 0x00,
0x00, 0x00, 0x00, 0x00, 0x00, 0x74, 0xFD, 0xFF, 0xB8, 0x0F, 0x00, 0x00, 0x00, 0x00, 0x00, 0x07,
0xA1, 0xFF, 0xFF, 0x92, 0x03, 0x00, 0x00, 0x00, 0x00, 0x00, 0x04, 0xC5, 0xFF, 0xFB, 0x67, 0x00,
0x00, 0x00, 0x00, 0x00, 0x00, 0x00, 0x00, 0x62, 0xEC, 0x42, 0x00, 0x00, 0x00, 0x00, 0x00, 0x00,
0x00, 0x00, 0x00, 0x00, 0x0D, 0x00, 0x00, 0x00, 0x00, 0x00, 0x00, 0x00, 0x00, 0x00, 0x43, 0x42,
0x22, 0x01, 0x00, 0x00, 0x00, 0x00, 0x00, 0xDC, 0xFF, 0xFF, 0xE1, 0x89, 0x1C, 0x00, 0x00, 0x00,
0xB5, 0xE2, 0xFE, 0xFF, 0xFF, 0xF0, 0x5A, 0x00, 0x00, 0x00, 0x00, 0x10, 0x63, 0xE2, 0xFF, 0xFE,
0x54, 0x00, 0x00, 0x00, 0x00, 0x00, 0x14, 0xD7, 0xFF, 0xEE, 0x0D, 0x00, 0x00, 0x00, 0x00, 0x00,
0x4A, 0xFF, 0xFF, 0x65, 0x00, 0x00, 0x00, 0x00, 0x00, 0x09, 0xFF, 0xFF, 0x90, 0x00, 0x00, 0x00,
0x00, 0x00, 0x0F, 0xFF, 0xFF, 0x8C, 0x00, 0x00, 0x00, 0x00, 0x00, 0x6E, 0xFF, 0xFF, 0x56, 0x00,
0x3D, 0x78, 0x7E, 0xB2, 0xFF, 0xFF, 0xD4, 0x05, 0x00, 0x7C, 0xFF, 0xFF, 0xFF, 0xFF, 0xB2, 0x19,
0x00, 0x00, 0x74, 0xFF, 0xE1, 0x52, 0x1B, 0x00, 0x00, 0x00, 0x00, 0x6B, 0xFF, 0xC6, 0x00, 0x00,
0x00, 0x00, 0x00, 0x00, 0x63, 0xFF, 0xBE, 0x00, 0x00, 0x00, 0x00, 0x00, 0x00, 0x46, 0xC4, 0x8C,
0x00, 0x00, 0x00, 0x00, 0x00, 0x00, 0x00, 0x00, 0x00, 0x00, 0x00, 0x00, 0x00, 0x00, 0x00, 0x0A,
0x4D, 0x21, 0x00, 0x00, 0x00, 0x00, 0x00, 0x01, 0xCC, 0xFF, 0xF6, 0x28, 0x00, 0x00, 0x00, 0x00,
0x14, 0xFF, 0xFF, 0xFF, 0x66, 0x00, 0x00, 0x00, 0x00, 0x00, 0xB8, 0xFF, 0xEC, 0x1F, 0x00, 0x00,
0x00, 0x00, 0x00, 0x03, 0x31, 0x10, 0x00, 0x00, 0x00, 0x00, 0x00, 0x00, 0x00, 0x00, 0x00, 0x00,
0x00, 0x08, 0x4B, 0x71, 0x6A, 0x40, 0x02, 0x00, 0x00, 0x00, 0x00, 0x00, 0x00, 0x00, 0x00, 0x00,
0x6A, 0xED, 0xFF, 0xFF, 0xFF, 0xFF, 0xDC, 0x3B, 0x00, 0x00, 0x00, 0x00, 0x00, 0x00, 0x02, 0xA2,
0xFF, 0xE8, 0x74, 0x3B, 0x47, 0x98, 0xFD, 0xF8, 0x38, 0x00, 0x00, 0x00, 0x00, 0x00, 0x8C, 0xFF,
0xCC, 0x14, 0x00, 0x00, 0x00, 0x00, 0x60, 0xFF, 0xDA, 0x03, 0x00, 0x00, 0x00, 0x3F, 0xFE, 0xE7,
0x16, 0x00, 0x00, 0x00, 0x00, 0x00, 0x00, 0xBC, 0xFF, 0x54, 0x00, 0x00, 0x00, 0xCB, 0xFF, 0x57,
0x00, 0x00, 0x00, 0x00, 0x00, 0x00, 0x00, 0x57, 0xFF, 0xA3, 0x00, 0x00, 0x43, 0xFF, 0xD2, 0x00,
0x00, 0x00, 0x00, 0x00, 0x00, 0x00, 0x00, 0x17, 0xFF, 0xDF, 0x00, 0x00, 0xA6, 0xFF, 0x66, 0x00,
0x00, 0x19, 0x80, 0x9B, 0x70, 0x62, 0x6B, 0x00, 0xEA, 0xFD, 0x07, 0x04, 0xF1, 0xFB, 0x12, 0x00,
0x30, 0xE6, 0xFF, 0xFF, 0xFF, 0xFF, 0x94, 0x00, 0xCE, 0xFF, 0x1F, 0x3A, 0xFF, 0xCE, 0x00, 0x04,
0xD3, 0xFF, 0x85, 0x32, 0xDE, 0xFF, 0x6D, 0x00, 0xC1, 0xFF, 0x2A, 0x6E, 0xFF, 0x97, 0x00, 0x58,
0xFF, 0xD1, 0x01, 0x00, 0xE1, 0xFF, 0x46, 0x00, 0xBA, 0xFF, 0x30, 0x9A, 0xFF, 0x61, 0x00, 0xAD,
0xFF, 0x76, 0x00, 0x08, 0xFD, 0xFF, 0x1E, 0x00, 0xBE, 0xFF, 0x27, 0xB8, 0xFF, 0x43, 0x00, 0xE7,
0xFF, 0x3C, 0x00, 0x2D, 0xFF, 0xF5, 0x01, 0x00, 0xC9, 0xFF, 0x1A, 0xCE, 0xFF, 0x32, 0x0F, 0xFF,
0xFF, 0x19, 0x00, 0x53, 0xFF, 0xCF, 0x00, 0x00, 0xDF, 0xFA, 0x02, 0xD6, 0xFF, 0x20, 0x21, 0xFF,
0xFF, 0x08, 0x00, 0x79, 0xFF, 0xA9, 0x00, 0x08, 0xFD, 0xD8, 0x00, 0xD8, 0xFF, 0x17, 0x24, 0xFF,
0xFF, 0x08, 0x00, 0xA8, 0xFF, 0x8E, 0x00, 0x42, 0xFF, 0x9E, 0x00, 0xCD, 0xFF, 0x20, 0x0F, 0xFF,
0xFF, 0x22, 0x2C, 0xFB, 0xFF, 0x96, 0x00, 0xA8, 0xFF, 0x49, 0x00, 0xBF, 0xFF, 0x30, 0x00, 0xD1,
0xFF, 0xCE, 0xE6, 0xC0, 0xF3, 0xF3, 0xBB, 0xFF, 0xC8, 0x02, 0x00, 0xA0, 0xFF, 0x52, 0x00, 0x37,
0xE9, 0xFF, 0xD5, 0x1E, 0x7B, 0xFE, 0xFF, 0xC1, 0x19, 0x00, 0x00, 0x77, 0xFF, 0x84, 0x00, 0x00,
0x01, 0x18, 0x01, 0x00, 0x00, 0x0E, 0x14, 0x00, 0x00, 0x00, 0x00, 0x39, 0xFF, 0xCE, 0x00, 0x00,
0x00, 0x00, 0x00, 0x00, 0x00, 0x00, 0x00, 0x00, 0x00, 0x00, 0x00, 0x02, 0xE6, 0xFF, 0x3E, 0x00,
0x00, 0x00, 0x00, 0x00, 0x00, 0x00, 0x00, 0x00, 0x00, 0x00, 0x00, 0x00, 0x73, 0xFF, 0xDA, 0x11,
0x00, 0x00, 0x00, 0x00, 0x00, 0x00, 0x03, 0x00, 0x00, 0x00, 0x00, 0x00, 0x07, 0xC7, 0xFF, 0xDC,
0x56, 0x13, 0x05, 0x1A, 0x4E, 0xA3, 0x91, 0x00, 0x00, 0x00, 0x00, 0x00, 0x00, 0x14, 0xB5, 0xFF,
0xFF, 0xFF, 0xFF, 0xFF, 0xFF, 0xF9, 0x73, 0x00, 0x00, 0x00, 0x00, 0x00, 0x00, 0x00, 0x00, 0x39,
0x85, 0xA4, 0xA2, 0x87, 0x5E, 0x10, 0x00, 0x00, 0x00, 0x00, 0x00, 0x00, 0x00, 0x00, 0x00, 0x00,
0x11, 0xDD, 0xE0, 0xE0, 0x7A, 0x00, 0x00, 0x00, 0x00, 0x00, 0x00, 0x00, 0x00, 0x00, 0x00, 0x00,
0x61, 0xFF, 0xFF, 0xFF, 0xDA, 0x00, 0x00, 0x00, 0x00, 0x00, 0x00, 0x00, 0x00, 0x00, 0x00, 0x00,
0xB6, 0xFF, 0xE0, 0xFF, 0xFF, 0x2F, 0x00, 0x00, 0x00, 0x00, 0x00, 0x00, 0x00, 0x00, 0x00, 0x10,
0xFA, 0xFF, 0x53, 0xF6, 0xFF, 0x83, 0x00, 0x00, 0x00, 0x00, 0x00, 0x00, 0x00, 0x00, 0x00, 0x60,
0xFF, 0xF1, 0x06, 0xAF, 0xFF, 0xD6, 0x00, 0x00, 0x00, 0x00, 0x00, 0x00, 0x00, 0x00, 0x00, 0xB5,
0xFF, 0xA6, 0x00, 0x5E, 0xFF, 0xFF, 0x2B, 0x00, 0x00, 0x00, 0x00, 0x00, 0x00, 0x00, 0x10, 0xF9,
0xFF, 0x56, 0x00, 0x11, 0xFB, 0xFF, 0x7E, 0x00, 0x00, 0x00, 0x00, 0x00, 0x00, 0x00, 0x5F, 0xFF,
0xF8, 0x0D, 0x00, 0x00, 0xBC, 0xFF, 0xD2, 0x00, 0x00, 0x00, 0x00, 0x00, 0x00, 0x00, 0xB4, 0xFF,
0xB4, 0x00, 0x00, 0x00, 0x6A, 0xFF, 0xFF, 0x26, 0x00, 0x00, 0x00, 0x00, 0x00, 0x0F, 0xF9, 0xFF,
0x63, 0x00, 0x00, 0x00, 0x1A, 0xFE, 0xFF, 0x7A, 0x00, 0x00, 0x00, 0x00, 0x00, 0x5E, 0xFF, 0xFD,
0x15, 0x00, 0x00, 0x00, 0x00, 0xC8, 0xFF, 0xCE, 0x00, 0x00, 0x00, 0x00, 0x00, 0xB3, 0xFF, 0xC9,
0x14, 0x14, 0x14, 0x14, 0x14, 0x84, 0xFF, 0xFF, 0x22, 0x00, 0x00, 0x00, 0x0F, 0xF9, 0xFF, 0xFF,
0xFF, 0xFF, 0xFF, 0xFF, 0xFF, 0xFF, 0xFF, 0xFF, 0x76, 0x00, 0x00, 0x00, 0x5D, 0xFF, 0xFF, 0xFF,
0xFF, 0xFF, 0xFF, 0xFF, 0xFF, 0xFF, 0xFF, 0xFF, 0xCA, 0x00, 0x00, 0x00, 0xB2, 0xFF, 0xCD, 0x1C,
0x1C, 0x1C, 0x1C, 0x1C, 0x1C, 0x1C, 0x8D, 0xFF, 0xFF, 0x1E, 0x00, 0x0E, 0xF8, 0xFF, 0x79, 0x00,
0x00, 0x00, 0x00, 0x00, 0x00, 0x00, 0x32, 0xFF, 0xFF, 0x72, 0x00, 0x5C, 0xFF, 0xFF, 0x27, 0x00,
0x00, 0x00, 0x00, 0x00, 0x00, 0x00, 0x00, 0xDF, 0xFF, 0xC6, 0x00, 0xB1, 0xFF, 0xD5, 0x00, 0x00,
0x00, 0x00, 0x00, 0x00, 0x00, 0x00, 0x00, 0x8D, 0xFF, 0xFE, 0x1B, 0xBD, 0xE0, 0xE0, 0xE0, 0xE0,
0xDC, 0xCE, 0xAA, 0x65, 0x0A, 0x00, 0x00, 0xD8, 0xFF, 0xFF, 0xFF, 0xFF, 0xFF, 0xFF, 0xFF, 0xFF,
0xE1, 0x28, 0x00, 0xD8, 0xFF, 0xAB, 0x30, 0x30, 0x35, 0x52, 0xA9, 0xFF, 0xFF, 0xCC, 0x00, 0xD8,
0xFF, 0x98, 0x00, 0x00, 0x00, 0x00, 0x00, 0xA7, 0xFF, 0xFF, 0x22, 0xD8, 0xFF, 0x98, 0x00, 0x00,
0x00, 0x00, 0x00, 0x56, 0xFF, 0xFF, 0x38, 0xD8, 0xFF, 0x98, 0x00, 0x00, 0x00, 0x00, 0x00, 0x5F,
0xFF, 0xFF, 0x1D, 0xD8, 0xFF, 0x98, 0x00, 0x00, 0x00, 0x00, 0x0A, 0xD0, 0xFF, 0xC5, 0x00, 0xD8,
0xFF, 0xB0, 0x3C, 0x3C, 0x49, 0x70, 0xD9, 0xFF, 0xE1, 0x23, 0x00, 0xD8, 0xFF, 0xFF, 0xFF, 0xFF,
0xFF, 0xFF, 0xFF, 0xCE, 0x21, 0x00, 0x00, 0xD8, 0xFF, 0xEA, 0xCC, 0xCC, 0xD8, 0xF5, 0xFF, 0xFF,
0xF7, 0x65, 0x00, 0xD8, 0xFF, 0x98, 0x00, 0x00, 0x00, 0x01, 0x49, 0xCF, 0xFF, 0xFE, 0x3D, 0xD8,
0xFF, 0x98, 0x00, 0x00, 0x00, 0x00, 0x00, 0x14, 0xF1, 0xFF, 0xB8, 0xD8, 0xFF, 0x98, 0x00, 0x00,
0x00, 0x00, 0x00, 0x00, 0xB8, 0xFF, 0xDD, 0xD8, 0xFF, 0x98, 0x00, 0x00, 0x00, 0x00, 0x00, 0x00,
0xC7, 0xFF, 0xCC, 0xD8, 0xFF, 0x98, 0x00, 0x00, 0x00, 0x00, 0x00, 0x2C, 0xFB, 0xFF, 0x8B, 0xD8,
0xFF, 0x9C, 0x0C, 0x0C, 0x10, 0x28, 0x6D, 0xE9, 0xFF, 0xEB, 0x17, 0xD8, 0xFF, 0xFF, 0xFF, 0xFF,
0xFF, 0xFF, 0xFF, 0xFF, 0xDB, 0x2E, 0x00, 0xD8, 0xFF, 0xFF, 0xFF, 0xFF, 0xF6, 0xDF, 0xAE, 0x5D,
0x06, 0x00, 0x00, 0x00, 0x00, 0x00, 0x00, 0x00, 0x00, 0x00, 0x06, 0x10, 0x00, 0x00, 0x00, 0x00,
0x00, 0x00, 0x00, 0x00, 0x32, 0x9E, 0xE7, 0xFF, 0xFF, 0xF8, 0xDB, 0x93, 0x33, 0x00, 0x00, 0x01,
0x8D, 0xFD, 0xFF, 0xFF, 0xFF, 0xFF, 0xFF, 0xFF, 0xFF, 0x9C, 0x00, 0x00, 0x99, 0xFF, 0xFF, 0xDA,
0x66, 0x29, 0x19, 0x2A, 0x5A, 0xAB, 0x98, 0x00, 0x50, 0xFF, 0xFF, 0xB5, 0x08, 0x00, 0x00, 0x00,
0x00, 0x00, 0x00, 0x07, 0x00, 0xD0, 0xFF, 0xE5, 0x0E, 0x00, 0x00, 0x00, 0x00, 0x00, 0x00, 0x00,
0x00, 0x33, 0xFF, 0xFF, 0x74, 0x00, 0x00, 0x00, 0x00, 0x00, 0x00, 0x00, 0x00, 0x00, 0x70, 0xFF,
0xFF, 0x23, 0x00, 0x00, 0x00, 0x00, 0x00, 0x00, 0x00, 0x00, 0x00, 0x9D, 0xFF, 0xF3, 0x00, 0x00,
0x00, 0x00, 0x00, 0x00, 0x00, 0x00, 0x00, 0x00, 0xAF, 0xFF, 0xE0, 0x00, 0x00, 0x00, 0x00, 0x00,
0x00, 0x00, 0x00, 0x00, 0x00, 0xB7, 0xFF, 0xDD, 0x00, 0x00, 0x00, 0x00, 0x00, 0x00, 0x00, 0x00,
0x00, 0x00, 0xA9, 0xFF, 0xED, 0x00, 0x00, 0x00, 0x00, 0x00, 0x00, 0x00, 0x00, 0x00, 0x00, 0x91,
0xFF, 0xFF, 0x15, 0x00, 0x00, 0x00, 0x00, 0x00, 0x00, 0x00, 0x00, 0x00, 0x5E, 0xFF, 0xFF, 0x58,
0x00, 0x00, 0x00, 0x00, 0x00, 0x00, 0x00, 0x00, 0x00, 0x1A, 0xFB, 0xFF, 0xC4, 0x01, 0x00, 0x00,
0x00, 0x00, 0x00, 0x00, 0x00, 0x00, 0x00, 0xAA, 0xFF, 0xFF, 0x7C, 0x00, 0x00, 0x00, 0x00, 0x00,
0x00, 0x00, 0x00, 0x00, 0x1B, 0xED, 0xFF, 0xFF, 0xAD, 0x3D, 0x07, 0x00, 0x09, 0x38, 0x8E, 0x85,
0x00, 0x00, 0x32, 0xE7, 0xFF, 0xFF, 0xFF, 0xFF, 0xF8, 0xFF, 0xFF, 0xFF, 0x9C, 0x00, 0x00, 0x00,
0x10, 0x83, 0xDB, 0xFF, 0xFF, 0xFF, 0xFF, 0xF1, 0xAA, 0x41, 0x00, 0x00, 0x00, 0x00, 0x00, 0x00,
0x15, 0x2C, 0x2E, 0x16, 0x01, 0x00, 0x00, 0x73, 0xE0, 0xE0, 0xE0, 0xE0, 0xD8, 0xC6, 0xA1, 0x62,
0x0C, 0x00, 0x00, 0x00, 0x00, 0x84, 0xFF, 0xFF, 0xFF, 0xFF, 0xFF, 0xFF, 0xFF, 0xFF, 0xED, 0x62,
0x00, 0x00, 0x00, 0x84, 0xFF, 0xEF, 0x30, 0x30, 0x38, 0x50, 0x8C, 0xED, 0xFF, 0xFF, 0x78, 0x00,
0x00, 0x84, 0xFF, 0xEC, 0x00, 0x00, 0x00, 0x00, 0x00, 0x14, 0xC9, 0xFF, 0xFC, 0x33, 0x00, 0x84,
0xFF, 0xEC, 0x00, 0x00, 0x00, 0x00, 0x00, 0x00, 0x1E, 0xF6, 0xFF, 0xA8, 0x00, 0x84, 0xFF, 0xEC,
0x00, 0x00, 0x00, 0x00, 0x00, 0x00, 0x00, 0xA4, 0xFF, 0xF6, 0x04, 0x84, 0xFF, 0xEC, 0x00, 0x00,
0x00, 0x00, 0x00, 0x00, 0x00, 0x64, 0xFF, 0xFF, 0x31, 0x84, 0xFF, 0xEC, 0x00, 0x00, 0x00, 0x00,
0x00, 0x00, 0x00, 0x3D, 0xFF, 0xFF, 0x4E, 0x84, 0xFF, 0xEC, 0x00, 0x00, 0x00, 0x00, 0x00, 0x00,
0x00, 0x2F, 0xFF, 0xFF, 0x5D, 0x84, 0xFF, 0xEC, 0x00, 0x00, 0x00, 0x00, 0x00, 0x00, 0x00, 0x2F,
0xFF, 0xFF, 0x56, 0x84, 0xFF, 0xEC, 0x00, 0x00, 0x00, 0x00, 0x00, 0x00, 0x00, 0x41, 0xFF, 0xFF,
0x40, 0x84, 0xFF, 0xEC, 0x00, 0x00, 0x00, 0x00, 0x00, 0x00, 0x00, 0x6E, 0xFF, 0xFF, 0x20, 0x84,
0xFF, 0xEC, 0x00, 0x00, 0x00, 0x00, 0x00, 0x00, 0x00, 0xB9, 0xFF, 0xD9, 0x00, 0x84, 0xFF, 0xEC,
0x00, 0x00, 0x00, 0x00, 0x00, 0x00, 0x39, 0xFE, 0xFF, 0x89, 0x00, 0x84, 0xFF, 0xEC, 0x00, 0x00,
0x00, 0x00, 0x00, 0x2B, 0xE2, 0xFF, 0xEE, 0x17, 0x00, 0x84, 0xFF, 0xEE, 0x1C, 0x1C, 0x29, 0x4C,
0x99, 0xF9, 0xFF, 0xF9, 0x49, 0x00, 0x00, 0x84, 0xFF, 0xFF, 0xFF, 0xFF, 0xFF, 0xFF, 0xFF, 0xFF,
0xDC, 0x3D, 0x00, 0x00, 0x00, 0x84, 0xFF, 0xFF, 0xFF, 0xFD, 0xF1, 0xD5, 0xA2, 0x53, 0x03, 0x00,
0x00, 0x00, 0x00, 0x38, 0xE0, 0xE0, 0xE0, 0xE0, 0xE0, 0xE0, 0xE0, 0xE0, 0xE0, 0xCB, 0x40, 0xFF,
0xFF, 0xFF, 0xFF, 0xFF, 0xFF, 0xFF, 0xFF, 0xFF, 0xE8, 0x40, 0xFF, 0xFF, 0x57, 0x30, 0x30, 0x30,
0x30, 0x30, 0x30, 0x2B, 0x40, 0xFF, 0xFF, 0x30, 0x00, 0x00, 0x00, 0x00, 0x00, 0x00, 0x00, 0x40,
0xFF, 0xFF, 0x30, 0x00, 0x00, 0x00, 0x00, 0x00, 0x00, 0x00, 0x40, 0xFF, 0xFF, 0x30, 0x00, 0x00,
0x00, 0x00, 0x00, 0x00, 0x00, 0x40, 0xFF, 0xFF, 0x30, 0x00, 0x00, 0x00, 0x00, 0x00, 0x00, 0x00,
0x40, 0xFF, 0xFF, 0x6A, 0x48, 0x48, 0x48, 0x48, 0x48, 0x48, 0x2B, 0x40, 0xFF, 0xFF, 0xFF, 0xFF,
0xFF, 0xFF, 0xFF, 0xFF, 0xFF, 0x9C, 0x40, 0xFF, 0xFF, 0xCF, 0xC4, 0xC4, 0xC4, 0xC4, 0xC4, 0xC4,
0x77, 0x40, 0xFF, 0xFF, 0x30, 0x00, 0x00, 0x00, 0x00, 0x00, 0x00, 0x00, 0x40, 0xFF, 0xFF, 0x30,
0x00, 0x00, 0x00, 0x00, 0x00, 0x00, 0x00, 0x40, 0xFF, 0xFF, 0x30, 0x00, 0x00, 0x00, 0x00, 0x00,
0x00, 0x00, 0x40, 0xFF, 0xFF, 0x30, 0x00, 0x00, 0x00, 0x00, 0x00, 0x00, 0x00, 0x40, 0xFF, 0xFF,
0x30, 0x00, 0x00, 0x00, 0x00, 0x00, 0x00, 0x00, 0x40, 0xFF, 0xFF, 0x40, 0x14, 0x14, 0x14, 0x14,
0x14, 0x14, 0x12, 0x40, 0xFF, 0xFF, 0xFF, 0xFF, 0xFF, 0xFF, 0xFF, 0xFF, 0xFF, 0xE8, 0x40, 0xFF,
0xFF, 0xFF, 0xFF, 0xFF, 0xFF, 0xFF, 0xFF, 0xFF, 0xE8, 0x2D, 0xE0, 0xE0, 0xE0, 0xE0, 0xE0, 0xE0,
0xE0, 0xE0, 0xE0, 0xC4, 0x34, 0xFF, 0xFF, 0xFF, 0xFF, 0xFF, 0xFF, 0xFF, 0xFF, 0xFF, 0xE0, 0x34,
0xFF, 0xFF, 0x70, 0x34, 0x34, 0x34, 0x34, 0x34, 0x34, 0x2D, 0x34, 0xFF, 0xFF, 0x4C, 0x00, 0x00,
0x00, 0x00, 0x00, 0x00, 0x00, 0x34, 0xFF, 0xFF, 0x4C, 0x00, 0x00, 0x00, 0x00, 0x00, 0x00, 0x00,
0x34, 0xFF, 0xFF, 0x4C, 0x00, 0x00, 0x00, 0x00, 0x00, 0x00, 0x00, 0x34, 0xFF, 0xFF, 0x4C, 0x00,
0x00, 0x00, 0x00, 0x00, 0x00, 0x00, 0x34, 0xFF, 0xFF, 0x4C, 0x00, 0x00, 0x00, 0x00, 0x00, 0x00,
0x00, 0x34, 0xFF, 0xFF, 0xFF, 0xFF, 0xFF, 0xFF, 0xFF, 0xFF, 0xFF, 0x7C, 0x34, 0xFF, 0xFF, 0xFF,
0xFF, 0xFF, 0xFF, 0xFF, 0xFF, 0xFF, 0x7C, 0x34, 0xFF, 0xFF, 0x54, 0x0C, 0x0C, 0x0C, 0x0C, 0x0C,
0x0C, 0x05, 0x34, 0xFF, 0xFF, 0x4C, 0x00, 0x00, 0x00, 0x00, 0x00, 0x00, 0x00, 0x34, 0xFF, 0xFF,
0x4C, 0x00, 0x00, 0x00, 0x00, 0x00, 0x00, 0x00, 0x34, 0xFF, 0xFF, 0x4C, 0x00, 0x00, 0x00, 0x00,
0x00, 0x00, 0x00, 0x34, 0xFF, 0xFF, 0x4C, 0x00, 0x00, 0x00, 0x00, 0x00, 0x00, 0x00, 0x34, 0xFF,
0xFF, 0x4C, 0x00, 0x00, 0x00, 0x00, 0x00, 0x00, 0x00, 0x34, 0xFF, 0xFF, 0x4C, 0x00, 0x00, 0x00,
0x00, 0x00, 0x00, 0x00, 0x34, 0xFF, 0xFF, 0x4C, 0x00, 0x00, 0x00, 0x00, 0x00, 0x00, 0x00, 0x00,
0x00, 0x00, 0x00, 0x00, 0x00, 0x00, 0x00, 0x08, 0x15, 0x03, 0x00, 0x00, 0x00, 0x00, 0x00, 0x00,
0x00, 0x00, 0x3E, 0xA2, 0xE8, 0xFF, 0xFF, 0xFD, 0xE4, 0xA0, 0x43, 0x00, 0x00, 0x00, 0x0B, 0xAB,
0xFF, 0xFF, 0xFF, 0xFF, 0xFF, 0xFF, 0xFF, 0xFF, 0xC0, 0x00, 0x00, 0x07, 0xC8, 0xFF, 0xFF, 0xCB,
0x62, 0x29, 0x19, 0x28, 0x57, 0xB1, 0xBC, 0x00, 0x00, 0x91, 0xFF, 0xFF, 0x86, 0x02, 0x00, 0x00,
0x00, 0x00, 0x00, 0x00, 0x0B, 0x00, 0x1E, 0xFB, 0xFF, 0xAC, 0x00, 0x00, 0x00, 0x00, 0x00, 0x00,
0x00, 0x00, 0x00, 0x00, 0x84, 0xFF, 0xFE, 0x25, 0x00, 0x00, 0x00, 0x00, 0x00, 0x00, 0x00, 0x00,
0x00, 0x00, 0xC6, 0xFF, 0xCA, 0x00, 0x00, 0x00, 0x00, 0x00, 0x00, 0x00, 0x00, 0x00, 0x00, 0x00,
0xF6, 0xFF, 0x95, 0x00, 0x00, 0x00, 0x00, 0x00, 0x00, 0x00, 0x00, 0x00, 0x00, 0x0A, 0xFF, 0xFF,
0x7D, 0x00, 0x00, 0x00, 0x36, 0xF8, 0xF8, 0xF8, 0xF8, 0xF8, 0xD1, 0x13, 0xFF, 0xFF, 0x79, 0x00,
0x00, 0x00, 0x38, 0xFF, 0xFF, 0xFF, 0xFF, 0xFF, 0xD8, 0x04, 0xFF, 0xFF, 0x88, 0x00, 0x00, 0x00,
0x02, 0x0C, 0x0C, 0x0C, 0x95, 0xFF, 0xD8, 0x00, 0xEA, 0xFF, 0xAE, 0x00, 0x00, 0x00, 0x00, 0x00,
0x00, 0x00, 0x90, 0xFF, 0xD8, 0x00, 0xB3, 0xFF, 0xEB, 0x04, 0x00, 0x00, 0x00, 0x00, 0x00, 0x00,
0x90, 0xFF, 0xD8, 0x00, 0x66, 0xFF, 0xFF, 0x5B, 0x00, 0x00, 0x00, 0x00, 0x00, 0x00, 0x90, 0xFF,
0xD8, 0x00, 0x09, 0xE9, 0xFF, 0xE8, 0x26, 0x00, 0x00, 0x00, 0x00, 0x00, 0x90, 0xFF, 0xD8, 0x00,
0x00, 0x4C, 0xFF, 0xFF, 0xEF, 0x72, 0x1B, 0x00, 0x00, 0x0A, 0xA5, 0xFF, 0xD8, 0x00, 0x00, 0x00,
0x5D, 0xF9, 0xFF, 0xFF, 0xFF, 0xF6, 0xEB, 0xFD, 0xFF, 0xFF, 0xD8, 0x00, 0x00, 0x00, 0x00, 0x24,
0x9F, 0xED, 0xFF, 0xFF, 0xFF, 0xFF, 0xED, 0xA9, 0x48, 0x00, 0x00, 0x00, 0x00, 0x00, 0x00, 0x02,
0x23, 0x38, 0x38, 0x1E, 0x00, 0x00, 0x00, 0x6C, 0xE0, 0xD5, 0x00, 0x00, 0x00, 0x00, 0x00, 0x00,
0x00, 0x7A, 0xE0, 0xC7, 0x7C, 0xFF, 0xF4, 0x00, 0x00, 0x00, 0x00, 0x00, 0x00, 0x00, 0x8C, 0xFF,
0xE4, 0x7C, 0xFF, 0xF4, 0x00, 0x00, 0x00, 0x00, 0x00, 0x00, 0x00, 0x8C, 0xFF, 0xE4, 0x7C, 0xFF,
0xF4, 0x00, 0x00, 0x00, 0x00, 0x00, 0x00, 0x00, 0x8C, 0xFF, 0xE4, 0x7C, 0xFF, 0xF4, 0x00, 0x00,
0x00, 0x00, 0x00, 0x00, 0x00, 0x8C, 0xFF, 0xE4, 0x7C, 0xFF, 0xF4, 0x00, 0x00, 0x00, 0x00, 0x00,
0x00, 0x00, 0x8C, 0xFF, 0xE4, 0x7C, 0xFF, 0xF4, 0x00, 0x00, 0x00, 0x00, 0x00, 0x00, 0x00, 0x8C,
0xFF, 0xE4, 0x7C, 0xFF, 0xF7, 0x50, 0x50, 0x50, 0x50, 0x50, 0x50, 0x50, 0xB0, 0xFF, 0xE4, 0x7C,
0xFF, 0xFF, 0xFF, 0xFF, 0xFF, 0xFF, 0xFF, 0xFF, 0xFF, 0xFF, 0xFF, 0xE4, 0x7C, 0xFF, 0xFD, 0xCC,
0xCC, 0xCC, 0xCC, 0xCC, 0xCC, 0xCC, 0xE8, 0xFF, 0xE4, 0x7C, 0xFF, 0xF4, 0x00, 0x00, 0x00, 0x00,
0x00, 0x00, 0x00, 0x8C, 0xFF, 0xE4, 0x7C, 0xFF, 0xF4, 0x00, 0x00, 0x00, 0x00, 0x00, 0x00, 0x00,
0x8C, 0xFF, 0xE4, 0x7C, 0xFF, 0xF4, 0x00, 0x00, 0x00, 0x00, 0x00, 0x00, 0x00, 0x8C, 0xFF, 0xE4,
0x7C, 0xFF, 0xF4, 0x00, 0x00, 0x00, 0x00, 0x00, 0x00, 0x00, 0x8C, 0xFF, 0xE4, 0x7C, 0xFF, 0xF4,
0x00, 0x00, 0x00, 0x00, 0x00, 0x00, 0x00, 0x8C, 0xFF, 0xE4, 0x7C, 0xFF, 0xF4, 0x00, 0x00, 0x00,
0x00, 0x00, 0x00, 0x00, 0x8C, 0xFF, 0xE4, 0x7C, 0xFF, 0xF4, 0x00, 0x00, 0x00, 0x00, 0x00, 0x00,
0x00, 0x8C, 0xFF, 0xE4, 0x7C, 0xFF, 0xF4, 0x00, 0x00, 0x00, 0x00, 0x00, 0x00, 0x00, 0x8C, 0xFF,
0xE4, 0x8F, 0xE0, 0xE0, 0xE0, 0xE0, 0xE0, 0xE0, 0xE0, 0xE0, 0xE0, 0xE0, 0x0A, 0xA4, 0xFF, 0xFF,
0xFF, 0xFF, 0xFF, 0xFF, 0xFF, 0xFF, 0xFF, 0xFF, 0x0C, 0x1E, 0x30, 0x30, 0x30, 0x9E, 0xFF, 0xEF,
0x30, 0x30, 0x30, 0x30, 0x02, 0x00, 0x00, 0x00, 0x00, 0x88, 0xFF, 0xEC, 0x00, 0x00, 0x00, 0x00,
0x00, 0x00, 0x00, 0x00, 0x00, 0x88, 0xFF, 0xEC, 0x00, 0x00, 0x00, 0x00, 0x00, 0x00, 0x00, 0x00,
0x00, 0x88, 0xFF, 0xEC, 0x00, 0x00, 0x00, 0x00, 0x00, 0x00, 0x00, 0x00, 0x00, 0x88, 0xFF, 0xEC,
0x00, 0x00, 0x00, 0x00, 0x00, 0x00, 0x00, 0x00, 0x00, 0x88, 0xFF, 0xEC, 0x00, 0x00, 0x00, 0x00,
0x00, 0x00, 0x00, 0x00, 0x00, 0x88, 0xFF, 0xEC, 0x00, 0x00, 0x00, 0x00, 0x00, 0x00, 0x00, 0x00,
0x00, 0x88, 0xFF, 0xEC, 0x00, 0x00, 0x00, 0x00, 0x00, 0x00, 0x00, 0x00, 0x00, 0x88, 0xFF, 0xEC,
0x00, 0x00, 0x00, 0x00, 0x00, 0x00, 0x00, 0x00, 0x00, 0x88, 0xFF, 0xEC, 0x00, 0x00, 0x00, 0x00,
0x00, 0x00, 0x00, 0x00, 0x00, 0x88, 0xFF, 0xEC, 0x00, 0x00, 0x00, 0x00, 0x00, 0x00, 0x00, 0x00,
0x00, 0x88, 0xFF, 0xEC, 0x00, 0x00, 0x00, 0x00, 0x00, 0x00, 0x00, 0x00, 0x00, 0x88, 0xFF, 0xEC,
0x00, 0x00, 0x00, 0x00, 0x00, 0x0C, 0x14, 0x14, 0x14, 0x91, 0xFF, 0xED, 0x14, 0x14, 0x14, 0x14,
0x00, 0xA4, 0xFF, 0xFF, 0xFF, 0xFF, 0xFF, 0xFF, 0xFF, 0xFF, 0xFF, 0xFF, 0x0C, 0xA4, 0xFF, 0xFF,
0xFF, 0xFF, 0xFF, 0xFF, 0xFF, 0xFF, 0xFF, 0xFF, 0x0C, 0x3F, 0xE0, 0xE0, 0xE0, 0xE0, 0xE0, 0xE0,
0xE0, 0xE0, 0xDC, 0x48, 0xFF, 0xFF, 0xFF, 0xFF, 0xFF, 0xFF, 0xFF, 0xFF, 0xFC, 0x10, 0x3C, 0x3C,
0x3C, 0x3C, 0x3C, 0x3C, 0x9A, 0xFF, 0xFC, 0x00, 0x00, 0x00, 0x00, 0x00, 0x00, 0x00, 0x7C, 0xFF,
0xFC, 0x00, 0x00, 0x00, 0x00, 0x00, 0x00, 0x00, 0x7C, 0xFF, 0xFC, 0x00, 0x00, 0x00, 0x00, 0x00,
0x00, 0x00, 0x7C, 0xFF, 0xFC, 0x00, 0x00, 0x00, 0x00, 0x00, 0x00, 0x00, 0x7C, 0xFF, 0xFC, 0x00,
0x00, 0x00, 0x00, 0x00, 0x00, 0x00, 0x7C, 0xFF, 0xFC, 0x00, 0x00, 0x00, 0x00, 0x00, 0x00, 0x00,
0x7C, 0xFF, 0xFC, 0x00, 0x00, 0x00, 0x00, 0x00, 0x00, 0x00, 0x7C, 0xFF, 0xFC, 0x00, 0x00, 0x00,
0x00, 0x00, 0x00, 0x00, 0x7C, 0xFF, 0xFC, 0x00, 0x00, 0x00, 0x00, 0x00, 0x00, 0x00, 0x7C, 0xFF,
0xFC, 0x00, 0x00, 0x00, 0x00, 0x00, 0x00, 0x00, 0x7F, 0xFF, 0xF9, 0x00, 0x00, 0x00, 0x00, 0x00,
0x00, 0x00, 0x9D, 0xFF, 0xE6, 0x0F, 0x00, 0x00, 0x00, 0x00, 0x00, 0x09, 0xE4, 0xFF, 0xAF, 0x83,
0xBA, 0x43, 0x06, 0x00, 0x20, 0xB2, 0xFF, 0xFF, 0x48, 0x84, 0xFF, 0xFF, 0xFD, 0xF5, 0xFF, 0xFF,
0xFF, 0x92, 0x00, 0x2A, 0xAA, 0xF4, 0xFF, 0xFF, 0xFF, 0xD7, 0x60, 0x00, 0x00, 0x00, 0x00, 0x03,
0x21, 0x2B, 0x15, 0x00, 0x00, 0x00, 0x00, 0xC0, 0xE0, 0x7E, 0x00, 0x00, 0x00, 0x00, 0x00, 0x36,
0xDE, 0xE0, 0x8E, 0x00, 0xDC, 0xFF, 0x90, 0x00, 0x00, 0x00, 0x00, 0x16, 0xE3, 0xFF, 0xD0, 0x0B,
0x00, 0xDC, 0xFF, 0x90, 0x00, 0x00, 0x00, 0x04, 0xBF, 0xFF, 0xE9, 0x1E, 0x00, 0x00, 0xDC, 0xFF,
0x90, 0x00, 0x00, 0x00, 0x8E, 0xFF, 0xF9, 0x3A, 0x00, 0x00, 0x00, 0xDC, 0xFF, 0x90, 0x00, 0x00,
0x58, 0xFF, 0xFF, 0x5F, 0x00, 0x00, 0x00, 0x00, 0xDC, 0xFF, 0x90, 0x00, 0x2C, 0xF4, 0xFF, 0x8B,
0x00, 0x00, 0x00, 0x00, 0x00, 0xDC, 0xFF, 0x90, 0x10, 0xDB, 0xFF, 0xB4, 0x02, 0x00, 0x00, 0x00,
0x00, 0x00, 0xDC, 0xFF, 0x91, 0xB3, 0xFF, 0xD4, 0x0D, 0x00, 0x00, 0x00, 0x00, 0x00, 0x00, 0xDC,
0xFF, 0xEE, 0xFF, 0xFF, 0x2C, 0x00, 0x00, 0x00, 0x00, 0x00, 0x00, 0x00, 0xDC, 0xFF, 0xCA, 0xFC,
0xFF, 0xA3, 0x00, 0x00, 0x00, 0x00, 0x00, 0x00, 0x00, 0xDC, 0xFF, 0x90, 0x79, 0xFF, 0xFF, 0x6C,
0x00, 0x00, 0x00, 0x00, 0x00, 0x00, 0xDC, 0xFF, 0x90, 0x01, 0xB4, 0xFF, 0xFA, 0x3A, 0x00, 0x00,
0x00, 0x00, 0x00, 0xDC, 0xFF, 0x90, 0x00, 0x12, 0xE0, 0xFF, 0xE6, 0x18, 0x00, 0x00, 0x00, 0x00,
0xDC, 0xFF, 0x90, 0x00, 0x00, 0x35, 0xF9, 0xFF, 0xC2, 0x04, 0x00, 0x00, 0x00, 0xDC, 0xFF, 0x90,
0x00, 0x00, 0x00, 0x6C, 0xFF, 0xFF, 0x90, 0x00, 0x00, 0x00, 0xDC, 0xFF, 0x90, 0x00, 0x00, 0x00,
0x00, 0xA8, 0xFF, 0xFF, 0x59, 0x00, 0x00, 0xDC, 0xFF, 0x90, 0x00, 0x00, 0x00, 0x00, 0x0C, 0xD8,
0xFF, 0xF5, 0x2D, 0x00, 0xDC, 0xFF, 0x90, 0x00, 0x00, 0x00, 0x00, 0x00, 0x2C, 0xF5, 0xFF, 0xDB,
0x0F, 0xB6, 0xE0, 0x93, 0x00, 0x00, 0x00, 0x00, 0x00, 0x00, 0x00, 0x00, 0xD0, 0xFF, 0xA8, 0x00,
0x00, 0x00, 0x00, 0x00, 0x00, 0x00, 0x00, 0xD0, 0xFF, 0xA8, 0x00, 0x00, 0x00, 0x00, 0x00, 0x00,
0x00, 0x00, 0xD0, 0xFF, 0xA8, 0x00, 0x00, 0x00, 0x00, 0x00, 0x00, 0x00, 0x00, 0xD0, 0xFF, 0xA8,
0x00, 0x00, 0x00, 0x00, 0x00, 0x00, 0x00, 0x00, 0xD0, 0xFF, 0xA8, 0x00, 0x00, 0x00, 0x00, 0x00,
0x00, 0x00, 0x00, 0xD0, 0xFF, 0xA8, 0x00, 0x00, 0x00, 0x00, 0x00, 0x00, 0x00, 0x00, 0xD0, 0xFF,
0xA8, 0x00, 0x00, 0x00, 0x00, 0x00, 0x00, 0x00, 0x00, 0xD0, 0xFF, 0xA8, 0x00, 0x00, 0x00, 0x00,
0x00, 0x00, 0x00, 0x00, 0xD0, 0xFF, 0xA8, 0x00, 0x00, 0x00, 0x00, 0x00, 0x00, 0x00, 0x00, 0xD0,
0xFF, 0xA8, 0x00, 0x00, 0x00, 0x00, 0x00, 0x00, 0x00, 0x00, 0xD0, 0xFF, 0xA8, 0x00, 0x00, 0x00,
0x00, 0x00, 0x00, 0x00, 0x00, 0xD0, 0xFF, 0xA8, 0x00, 0x00, 0x00, 0x00, 0x00, 0x00, 0x00, 0x00,
0xD0, 0xFF, 0xA8, 0x00, 0x00, 0x00, 0x00, 0x00, 0x00, 0x00, 0x00, 0xD0, 0xFF, 0xA8, 0x00, 0x00,
0x00, 0x00, 0x00, 0x00, 0x00, 0x00, 0xD0, 0xFF, 0xAE, 0x14, 0x14, 0x14, 0x14, 0x14, 0x14, 0x14,
0x09, 0xD0, 0xFF, 0xFF, 0xFF, 0xFF, 0xFF, 0xFF, 0xFF, 0xFF, 0xFF, 0x78, 0xD0, 0xFF, 0xFF, 0xFF,
0xFF, 0xFF, 0xFF, 0xFF, 0xFF, 0xFF, 0x78, 0x00, 0x6A, 0xE0, 0xE0, 0x85, 0x00, 0x00, 0x00, 0x00,
0x00, 0x3D, 0xE0, 0xE0, 0xC4, 0x00, 0x00, 0x85, 0xFF, 0xFF, 0xE9, 0x04, 0x00, 0x00, 0x00, 0x00,
0xA0, 0xFF, 0xFF, 0xEC, 0x00, 0x00, 0x92, 0xFF, 0xF8, 0xFF, 0x48, 0x00, 0x00, 0x00, 0x0B, 0xF3,
0xF7, 0xFF, 0xF9, 0x00, 0x00, 0x9F, 0xFF, 0xB6, 0xFF, 0xA4, 0x00, 0x00, 0x00, 0x5F, 0xFF, 0xA8,
0xFF, 0xFF, 0x05, 0x00, 0xAB, 0xFF, 0x67, 0xFE, 0xF4, 0x0B, 0x00, 0x00, 0xBF, 0xFF, 0x49, 0xFF,
0xFF, 0x11, 0x00, 0xB8, 0xFF, 0x4D, 0xC4, 0xFF, 0x5B, 0x00, 0x1F, 0xFE, 0xD6, 0x10, 0xFF, 0xFF,
0x1D, 0x00, 0xC4, 0xFF, 0x49, 0x67, 0xFF, 0xB6, 0x00, 0x7D, 0xFF, 0x77, 0x07, 0xFF, 0xFF, 0x2A,
0x00, 0xD1, 0xFF, 0x44, 0x10, 0xF8, 0xFB, 0x13, 0xD7, 0xFD, 0x1B, 0x00, 0xFE, 0xFF, 0x36, 0x00,
0xDD, 0xFF, 0x3D, 0x00, 0xAB, 0xFF, 0x94, 0xFF, 0xBA, 0x00, 0x00, 0xF7, 0xFF, 0x42, 0x00, 0xEA,
0xFF, 0x35, 0x00, 0x4C, 0xFF, 0xFE, 0xFF, 0x5C, 0x00, 0x00, 0xEF, 0xFF, 0x4F, 0x00, 0xF6, 0xFF,
0x2E, 0x00, 0x04, 0xE9, 0xFF, 0xF3, 0x0A, 0x00, 0x00, 0xE6, 0xFF, 0x5B, 0x03, 0xFF, 0xFF, 0x27,
0x00, 0x00, 0x90, 0xFF, 0x9F, 0x00, 0x00, 0x00, 0xDE, 0xFF, 0x67, 0x0F, 0xFF, 0xFF, 0x1F, 0x00,
0x00, 0x0F, 0x2C, 0x11, 0x00, 0x00, 0x00, 0xD6, 0xFF, 0x74, 0x1C, 0xFF, 0xFF, 0x18, 0x00, 0x00,
0x00, 0x00, 0x00, 0x00, 0x00, 0x00, 0xCE, 0xFF, 0x80, 0x28, 0xFF, 0xFF, 0x11, 0x00, 0x00, 0x00,
0x00, 0x00, 0x00, 0x00, 0x00, 0xC5, 0xFF, 0x8C, 0x35, 0xFF, 0xFF, 0x09, 0x00, 0x00, 0x00, 0x00,
0x00, 0x00, 0x00, 0x00, 0xBD, 0xFF, 0x99, 0x41, 0xFF, 0xFF, 0x02, 0x00, 0x00, 0x00, 0x00, 0x00,
0x00, 0x00, 0x00, 0xB5, 0xFF, 0xA5, 0x4E, 0xFF, 0xFB, 0x00, 0x00, 0x00, 0x00, 0x00, 0x00, 0x00,
0x00, 0x00, 0xAC, 0xFF, 0xB1, 0x54, 0xE0, 0xE0, 0xD1, 0x08, 0x00, 0x00, 0x00, 0x00, 0x00, 0x6C,
0xE0, 0xAF, 0x60, 0xFF, 0xFF, 0xFF, 0x69, 0x00, 0x00, 0x00, 0x00, 0x00, 0x7C, 0xFF, 0xC8, 0x60,
0xFF, 0xFF, 0xFF, 0xDD, 0x03, 0x00, 0x00, 0x00, 0x00, 0x7C, 0xFF, 0xC8, 0x60, 0xFF, 0xEF, 0xF4,
0xFF, 0x59, 0x00, 0x00, 0x00, 0x00, 0x7C, 0xFF, 0xC8, 0x60, 0xFF, 0xE4, 0x98, 0xFF, 0xD0, 0x00,
0x00, 0x00, 0x00, 0x7C, 0xFF, 0xC8, 0x60, 0xFF, 0xE4, 0x2C, 0xFF, 0xFF, 0x49, 0x00, 0x00, 0x00,
0x7C, 0xFF, 0xC8, 0x60, 0xFF, 0xE4, 0x00, 0xBF, 0xFF, 0xC1, 0x00, 0x00, 0x00, 0x7C, 0xFF, 0xC8,
0x60, 0xFF, 0xE4, 0x00, 0x4C, 0xFF, 0xFF, 0x39, 0x00, 0x00, 0x7C, 0xFF, 0xC8, 0x60, 0xFF, 0xE4,
0x00, 0x01, 0xD3, 0xFF, 0xB1, 0x00, 0x00, 0x7C, 0xFF, 0xC8, 0x60, 0xFF, 0xE4, 0x00, 0x00, 0x5D,
0xFF, 0xFE, 0x2A, 0x00, 0x7C, 0xFF, 0xC8, 0x60, 0xFF, 0xE4, 0x00, 0x00, 0x04, 0xE0, 0xFF, 0xA0,
0x00, 0x7C, 0xFF, 0xC8, 0x60, 0xFF, 0xE4, 0x00, 0x00, 0x00, 0x6D, 0xFF, 0xF9, 0x19, 0x7C, 0xFF,
0xC8, 0x60, 0xFF, 0xE4, 0x00, 0x00, 0x00, 0x0A, 0xEB, 0xFF, 0x84, 0x7C, 0xFF, 0xC8, 0x60, 0xFF,
0xE4, 0x00, 0x00, 0x00, 0x00, 0x7E, 0xFF, 0xEB, 0x85, 0xFF, 0xC8, 0x60, 0xFF, 0xE4, 0x00, 0x00,
0x00, 0x00, 0x12, 0xF4, 0xFF, 0xDE, 0xFF, 0xC8, 0x60, 0xFF, 0xE4, 0x00, 0x00, 0x00, 0x00, 0x00,
0x8F, 0xFF, 0xFF, 0xFF, 0xC8, 0x60, 0xFF, 0xE4, 0x00, 0x00, 0x00, 0x00, 0x00, 0x1D, 0xFA, 0xFF,
0xFF, 0xC8, 0x60, 0xFF, 0xE4, 0x00, 0x00, 0x00, 0x00, 0x00, 0x00, 0xA0, 0xFF, 0xFF, 0xC8, 0x00,
0x00, 0x00, 0x00, 0x00, 0x00, 0x00, 0x12, 0x0B, 0x00, 0x00, 0x00, 0x00, 0x00, 0x00, 0x00, 0x00,
0x00, 0x00, 0x36, 0xAE, 0xF4, 0xFF, 0xFF, 0xE8, 0x96, 0x1B, 0x00, 0x00, 0x00, 0x00, 0x00, 0x00,
0x79, 0xFE, 0xFF, 0xFF, 0xFF, 0xFF, 0xFF, 0xFF, 0xF0, 0x3D, 0x00, 0x00, 0x00, 0x00, 0x60, 0xFF,
0xFF, 0xC2, 0x3D, 0x0D, 0x1E, 0x77, 0xF8, 0xFF, 0xF0, 0x1A, 0x00, 0x00, 0x10, 0xEF, 0xFF, 0xC2,
0x05, 0x00, 0x00, 0x00, 0x00, 0x49, 0xFE, 0xFF, 0x9D, 0x00, 0x00, 0x70, 0xFF, 0xFF, 0x2C, 0x00,
0x00, 0x00, 0x00, 0x00, 0x00, 0xAE, 0xFF, 0xF4, 0x09, 0x00, 0xC2, 0xFF, 0xC9, 0x00, 0x00, 0x00,
0x00, 0x00, 0x00, 0x00, 0x51, 0xFF, 0xFF, 0x46, 0x04, 0xF6, 0xFF, 0x8D, 0x00, 0x00, 0x00, 0x00,
0x00, 0x00, 0x00, 0x19, 0xFF, 0xFF, 0x74, 0x1E, 0xFF, 0xFF, 0x73, 0x00, 0x00, 0x00, 0x00, 0x00,
0x00, 0x00, 0x00, 0xF7, 0xFF, 0x90, 0x2E, 0xFF, 0xFF, 0x5C, 0x00, 0x00, 0x00, 0x00, 0x00, 0x00,
0x00, 0x00, 0xEB, 0xFF, 0x9D, 0x33, 0xFF, 0xFF, 0x54, 0x00, 0x00, 0x00, 0x00, 0x00, 0x00, 0x00,
0x00, 0xE8, 0xFF, 0x9B, 0x27, 0xFF, 0xFF, 0x60, 0x00, 0x00, 0x00, 0x00, 0x00, 0x00, 0x00, 0x00,
0xF6, 0xFF, 0x8B, 0x0F, 0xFF, 0xFF, 0x7D, 0x00, 0x00, 0x00, 0x00, 0x00, 0x00, 0x00, 0x1A, 0xFF,
0xFF, 0x6D, 0x00, 0xE4, 0xFF, 0xB3, 0x00, 0x00, 0x00, 0x00, 0x00, 0x00, 0x00, 0x55, 0xFF, 0xFF,
0x36, 0x00, 0xA3, 0xFF, 0xF5, 0x12, 0x00, 0x00, 0x00, 0x00, 0x00, 0x00, 0xB0, 0xFF, 0xE5, 0x04,
0x00, 0x47, 0xFF, 0xFF, 0x94, 0x00, 0x00, 0x00, 0x00, 0x00, 0x44, 0xFE, 0xFF, 0x7D, 0x00, 0x00,
0x00, 0xBE, 0xFF, 0xFF, 0x90, 0x14, 0x00, 0x04, 0x5D, 0xF2, 0xFF, 0xD9, 0x09, 0x00, 0x00, 0x00,
0x16, 0xD9, 0xFF, 0xFF, 0xFE, 0xE8, 0xF8, 0xFF, 0xFF, 0xE0, 0x24, 0x00, 0x00, 0x00, 0x00, 0x00,
0x0D, 0x8E, 0xEC, 0xFF, 0xFF, 0xFF, 0xEE, 0x90, 0x11, 0x00, 0x00, 0x00, 0x00, 0x00, 0x00, 0x00,
0x00, 0x04, 0x26, 0x3A, 0x28, 0x04, 0x00, 0x00, 0x00, 0x00, 0x00, 0xBD, 0xE0, 0xE0, 0xE0, 0xE0,
0xDB, 0xC8, 0x9D, 0x51, 0x03, 0x00, 0x00, 0xD8, 0xFF, 0xFF, 0xFF, 0xFF, 0xFF, 0xFF, 0xFF, 0xFF,
0xD2, 0x24, 0x00, 0xD8, 0xFF, 0xA8, 0x28, 0x28, 0x36, 0x57, 0xB4, 0xFF, 0xFF, 0xE3, 0x0F, 0xD8,
0xFF, 0x98, 0x00, 0x00, 0x00, 0x00, 0x00, 0x64, 0xFF, 0xFF, 0x7E, 0xD8, 0xFF, 0x98, 0x00, 0x00,
0x00, 0x00, 0x00, 0x00, 0xD5, 0xFF, 0xC6, 0xD8, 0xFF, 0x98, 0x00, 0x00, 0x00, 0x00, 0x00, 0x00,
0xAA, 0xFF, 0xDD, 0xD8, 0xFF, 0x98, 0x00, 0x00, 0x00, 0x00, 0x00, 0x00, 0xB9, 0xFF, 0xCB, 0xD8,
0xFF, 0x98, 0x00, 0x00, 0x00, 0x00, 0x00, 0x11, 0xF3, 0xFF, 0x8D, 0xD8, 0xFF, 0x98, 0x00, 0x00,
0x00, 0x00, 0x12, 0xB8, 0xFF, 0xF8, 0x21, 0xD8, 0xFF, 0xCA, 0x7C, 0x7C, 0x85, 0xAB, 0xF2, 0xFF,
0xFC, 0x5A, 0x00, 0xD8, 0xFF, 0xFF, 0xFF, 0xFF, 0xFF, 0xFF, 0xFF, 0xCF, 0x3E, 0x00, 0x00, 0xD8,
0xFF, 0xD5, 0x98, 0x97, 0x8B, 0x71, 0x33, 0x01, 0x00, 0x00, 0x00, 0xD8, 0xFF, 0x98, 0x00, 0x00,
0x00, 0x00, 0x00, 0x00, 0x00, 0x00, 0x00, 0xD8, 0xFF, 0x98, 0x00, 0x00, 0x00, 0x00, 0x00, 0x00,
0x00, 0x00, 0x00, 0xD8, 0xFF, 0x98, 0x00, 0x00, 0x00, 0x00, 0x00, 0x00, 0x00, 0x00, 0x00, 0xD8,
0xFF, 0x98, 0x00, 0x00, 0x00, 0x00, 0x00, 0x00, 0x00, 0x00, 0x00, 0xD8, 0xFF, 0x98, 0x00, 0x00,
0x00, 0x00, 0x00, 0x00, 0x00, 0x00, 0x00, 0xD8, 0xFF, 0x98, 0x00, 0x00, 0x00, 0x00, 0x00, 0x00,
0x00, 0x00, 0x00, 0x00, 0x00, 0x00, 0x00, 0x00, 0x00, 0x00, 0x12, 0x0B, 0x00, 0x00, 0x00, 0x00,
0x00, 0x00, 0x00, 0x00, 0x00, 0x00, 0x00, 0x36, 0xAE, 0xF4, 0xFF, 0xFF, 0xE8, 0x96, 0x1B, 0x00,
0x00, 0x00, 0x00, 0x00, 0x00, 0x00, 0x79, 0xFE, 0xFF, 0xFF, 0xFF, 0xFF, 0xFF, 0xFF, 0xF1, 0x3F,
0x00, 0x00, 0x00, 0x00, 0x00, 0x5F, 0xFF, 0xFF, 0xC5, 0x43, 0x15, 0x25, 0x7C, 0xF9, 0xFF, 0xF1,
0x1C, 0x00, 0x00, 0x00, 0x0E, 0xEE, 0xFF, 0xC3, 0x06, 0x00, 0x00, 0x00, 0x00, 0x4C, 0xFE, 0xFF,
0xA0, 0x00, 0x00, 0x00, 0x6C, 0xFF, 0xFE, 0x2C, 0x00, 0x00, 0x00, 0x00, 0x00, 0x00, 0xAF, 0xFF,
0xF5, 0x0B, 0x00, 0x00, 0xBF, 0xFF, 0xC7, 0x00, 0x00, 0x00, 0x00, 0x00, 0x00, 0x00, 0x52, 0xFF,
0xFF, 0x48, 0x00, 0x03, 0xF4, 0xFF, 0x8B, 0x00, 0x00, 0x00, 0x00, 0x00, 0x00, 0x00, 0x19, 0xFF,
0xFF, 0x76, 0x00, 0x1B, 0xFF, 0xFF, 0x72, 0x00, 0x00, 0x00, 0x00, 0x00, 0x00, 0x00, 0x00, 0xF8,
0xFF, 0x91, 0x00, 0x2C, 0xFF, 0xFF, 0x5A, 0x00, 0x00, 0x00, 0x00, 0x00, 0x00, 0x00, 0x00, 0xEB,
0xFF, 0x9E, 0x00, 0x34, 0xFF, 0xFF, 0x55, 0x00, 0x00, 0x00, 0x00, 0x00, 0x00, 0x00, 0x00, 0xE8,
0xFF, 0x9A, 0x00, 0x2A, 0xFF, 0xFF, 0x62, 0x00, 0x00, 0x00, 0x00, 0x00, 0x00, 0x00, 0x00, 0xF6,
0xFF, 0x8B, 0x00, 0x11, 0xFF, 0xFF, 0x7F, 0x00, 0x00, 0x00, 0x00, 0x00, 0x00, 0x00, 0x1A, 0xFF,
0xFF, 0x68, 0x00, 0x00, 0xE8, 0xFF, 0xB5, 0x00, 0x00, 0x00, 0x00, 0x00, 0x00, 0x00, 0x55, 0xFF,
0xFF, 0x34, 0x00, 0x00, 0xA6, 0xFF, 0xF7, 0x14, 0x00, 0x00, 0x00, 0x00, 0x00, 0x00, 0xB1, 0xFF,
0xE1, 0x01, 0x00, 0x00, 0x49, 0xFF, 0xFF, 0x97, 0x00, 0x00, 0x00, 0x00, 0x00, 0x47, 0xFE, 0xFF,
0x77, 0x00, 0x00, 0x00, 0x00, 0xC1, 0xFF, 0xFF, 0x94, 0x19, 0x00, 0x07, 0x65, 0xF4, 0xFF, 0xD6,
0x08, 0x00, 0x00, 0x00, 0x00, 0x1A, 0xDA, 0xFF, 0xFF, 0xFF, 0xF0, 0xFC, 0xFF, 0xFF, 0xDC, 0x21,
0x00, 0x00, 0x00, 0x00, 0x00, 0x00, 0x11, 0x8F, 0xEF, 0xFF, 0xFF, 0xFF, 0xEE, 0x8A, 0x0E, 0x00,
0x00, 0x00, 0x00, 0x00, 0x00, 0x00, 0x00, 0x00, 0x02, 0x9B, 0xFF, 0xCE, 0x03, 0x00, 0x00, 0x00,
0x00, 0x00, 0x00, 0x00, 0x00, 0x00, 0x00, 0x00, 0x00, 0x5D, 0xFF, 0xFD, 0x31, 0x00, 0x00, 0x00,
0x00, 0x04, 0x00, 0x00, 0x00, 0x00, 0x00, 0x00, 0x00, 0x0D, 0xEA, 0xFF, 0xE8, 0x69, 0x37, 0x4D,
0x9F, 0xB4, 0x00, 0x00, 0x00, 0x00, 0x00, 0x00, 0x00, 0x00, 0x46, 0xF6, 0xFF, 0xFF, 0xFF, 0xFF,
0xFF, 0xFA, 0x2B, 0x00, 0x00, 0x00, 0x00, 0x00, 0x00, 0x00, 0x00, 0x24, 0x95, 0xD3, 0xE7, 0xD5,
0x98, 0x2B, 0x00, 0x96, 0xE0, 0xE0, 0xE0, 0xE0, 0xD9, 0xC6, 0x95, 0x3C, 0x00, 0x00, 0x00, 0x00,
0xAC, 0xFF, 0xFF, 0xFF, 0xFF, 0xFF, 0xFF, 0xFF, 0xFF, 0x9E, 0x02, 0x00, 0x00, 0xAC, 0xFF, 0xCF,
0x30, 0x30, 0x3E, 0x69, 0xDB, 0xFF, 0xFF, 0x72, 0x00, 0x00, 0xAC, 0xFF, 0xC4, 0x00, 0x00, 0x00,
0x00, 0x14, 0xE7, 0xFF, 0xD5, 0x00, 0x00, 0xAC, 0xFF, 0xC4, 0x00, 0x00, 0x00, 0x00, 0x00, 0xA1,
0xFF, 0xFB, 0x00, 0x00, 0xAC, 0xFF, 0xC4, 0x00, 0x00, 0x00, 0x00, 0x00, 0x95, 0xFF, 0xE8, 0x00,
0x00, 0xAC, 0xFF, 0xC4, 0x00, 0x00, 0x00, 0x00, 0x0F, 0xE2, 0xFF, 0xB4, 0x00, 0x00, 0xAC, 0xFF,
0xC4, 0x00, 0x00, 0x04, 0x3C, 0xC7, 0xFF, 0xF9, 0x38, 0x00, 0x00, 0xAC, 0xFF, 0xFA, 0xE8, 0xE9,
0xFC, 0xFF, 0xFF, 0xEB, 0x42, 0x00, 0x00, 0x00, 0xAC, 0xFF, 0xFF, 0xFF, 0xFF, 0xFF, 0xFF, 0xB2,
0x08, 0x00, 0x00, 0x00, 0x00, 0xAC, 0xFF, 0xC6, 0x0C, 0x1E, 0x7A, 0xFD, 0xFF, 0x84, 0x00, 0x00,
0x00, 0x00, 0xAC, 0xFF, 0xC4, 0x00, 0x00, 0x00, 0x7F, 0xFF, 0xFD, 0x34, 0x00, 0x00, 0x00, 0xAC,
0xFF, 0xC4, 0x00, 0x00, 0x00, 0x09, 0xE9, 0xFF, 0xB9, 0x00, 0x00, 0x00, 0xAC, 0xFF, 0xC4, 0x00,
0x00, 0x00, 0x00, 0x7B, 0xFF, 0xFF, 0x35, 0x00, 0x00, 0xAC, 0xFF, 0xC4, 0x00, 0x00, 0x00, 0x00,
0x10, 0xF2, 0xFF, 0xB0, 0x00, 0x00, 0xAC, 0xFF, 0xC4, 0x00, 0x00, 0x00, 0x00, 0x00, 0x8B, 0xFF,
0xFE, 0x2C, 0x00, 0xAC, 0xFF, 0xC4, 0x00, 0x00, 0x00, 0x00, 0x00, 0x1A, 0xF9, 0xFF, 0xA6, 0x00,
0xAC, 0xFF, 0xC4, 0x00, 0x00, 0x00, 0x00, 0x00, 0x00, 0x9C, 0xFF, 0xFC, 0x25, 0x00, 0x00, 0x00,
0x00, 0x00, 0x00, 0x0C, 0x18, 0x0B, 0x00, 0x00, 0x00, 0x00, 0x00, 0x00, 0x00, 0x4F, 0xB3, 0xEF,
0xFF, 0xFF, 0xFF, 0xEF, 0xC6, 0x4D, 0x00, 0x00, 0x08, 0xB2, 0xFF, 0xFF, 0xFF, 0xFF, 0xFE, 0xFF,
0xFF, 0xFF, 0x7C, 0x00, 0x00, 0x97, 0xFF, 0xFF, 0x95, 0x30, 0x08, 0x02, 0x13, 0x2D, 0x64, 0x45,
0x00, 0x10, 0xFB, 0xFF, 0x9D, 0x00, 0x00, 0x00, 0x00, 0x00, 0x00, 0x00, 0x00, 0x00, 0x3B, 0xFF,
0xFF, 0x54, 0x00, 0x00, 0x00, 0x00, 0x00, 0x00, 0x00, 0x00, 0x00, 0x30, 0xFF, 0xFF, 0x8B, 0x00,
0x00, 0x00, 0x00, 0x00, 0x00, 0x00, 0x00, 0x00, 0x02, 0xDD, 0xFF, 0xFE, 0x7E, 0x04, 0x00, 0x00,
0x00, 0x00, 0x00, 0x00, 0x00, 0x00, 0x33, 0xF7, 0xFF, 0xFF, 0xDD, 0x69, 0x0D, 0x00, 0x00, 0x00,
0x00, 0x00, 0x00, 0x00, 0x30, 0xCF, 0xFF, 0xFF, 0xFF, 0xF4, 0x94, 0x22, 0x00, 0x00, 0x00, 0x00,
0x00, 0x00, 0x02, 0x51, 0xC0, 0xFF, 0xFF, 0xFF, 0xFA, 0x7E, 0x04, 0x00, 0x00, 0x00, 0x00, 0x00,
0x00, 0x00, 0x29, 0x97, 0xF8, 0xFF, 0xFF, 0xA8, 0x00, 0x00, 0x00, 0x00, 0x00, 0x00, 0x00, 0x00,
0x00, 0x22, 0xD6, 0xFF, 0xFF, 0x45, 0x00, 0x00, 0x00, 0x00, 0x00, 0x00, 0x00, 0x00, 0x00, 0x1C,
0xFE, 0xFF, 0x8D, 0x00, 0x00, 0x00, 0x00, 0x00, 0x00, 0x00, 0x00, 0x00, 0x01, 0xF5, 0xFF, 0x95,
0x00, 0x00, 0x00, 0x00, 0x00, 0x00, 0x00, 0x00, 0x00, 0x37, 0xFF, 0xFF, 0x6C, 0x51, 0x76, 0x34,
0x0B, 0x00, 0x00, 0x00, 0x0D, 0x57, 0xE4, 0xFF, 0xED, 0x14, 0x7C, 0xFF, 0xFF, 0xFF, 0xF3, 0xEA,
0xEF, 0xFF, 0xFF, 0xFF, 0xF1, 0x41, 0x00, 0x54, 0xD8, 0xFC, 0xFF, 0xFF, 0xFF, 0xFF, 0xFF, 0xE5,
0x91, 0x1B, 0x00, 0x00, 0x00, 0x00, 0x07, 0x23, 0x37, 0x3D, 0x33, 0x18, 0x00, 0x00, 0x00, 0x00,
0x00, 0xB9, 0xE0, 0xE0, 0xE0, 0xE0, 0xE0, 0xE0, 0xE0, 0xE0, 0xE0, 0xE0, 0xE0, 0xE0, 0x31, 0xD4,
0xFF, 0xFF, 0xFF, 0xFF, 0xFF, 0xFF, 0xFF, 0xFF, 0xFF, 0xFF, 0xFF, 0xFF, 0x38, 0x2B, 0x34, 0x34,
0x34, 0x34, 0xA0, 0xFF, 0xF0, 0x34, 0x34, 0x34, 0x34, 0x34, 0x0B, 0x00, 0x00, 0x00, 0x00, 0x00,
0x88, 0xFF, 0xEC, 0x00, 0x00, 0x00, 0x00, 0x00, 0x00, 0x00, 0x00, 0x00, 0x00, 0x00, 0x88, 0xFF,
0xEC, 0x00, 0x00, 0x00, 0x00, 0x00, 0x00, 0x00, 0x00, 0x00, 0x00, 0x00, 0x88, 0xFF, 0xEC, 0x00,
0x00, 0x00, 0x00, 0x00, 0x00, 0x00, 0x00, 0x00, 0x00, 0x00, 0x88, 0xFF, 0xEC, 0x00, 0x00, 0x00,
0x00, 0x00, 0x00, 0x00, 0x00, 0x00, 0x00, 0x00, 0x88, 0xFF, 0xEC, 0x00, 0x00, 0x00, 0x00, 0x00,
0x00, 0x00, 0x00, 0x00, 0x00, 0x00, 0x88, 0xFF, 0xEC, 0x00, 0x00, 0x00, 0x00, 0x00, 0x00, 0x00,
0x00, 0x00, 0x00, 0x00, 0x88, 0xFF, 0xEC, 0x00, 0x00, 0x00, 0x00, 0x00, 0x00, 0x00, 0x00, 0x00,
0x00, 0x00, 0x88, 0xFF, 0xEC, 0x00, 0x00, 0x00, 0x00, 0x00, 0x00, 0x00, 0x00, 0x00, 0x00, 0x00,
0x88, 0xFF, 0xEC, 0x00, 0x00, 0x00, 0x00, 0x00, 0x00, 0x00, 0x00, 0x00, 0x00, 0x00, 0x88, 0xFF,
0xEC, 0x00, 0x00, 0x00, 0x00, 0x00, 0x00, 0x00, 0x00, 0x00, 0x00, 0x00, 0x88, 0xFF, 0xEC, 0x00,
0x00, 0x00, 0x00, 0x00, 0x00, 0x00, 0x00, 0x00, 0x00, 0x00, 0x88, 0xFF, 0xEC, 0x00, 0x00, 0x00,
0x00, 0x00, 0x00, 0x00, 0x00, 0x00, 0x00, 0x00, 0x88, 0xFF, 0xEC, 0x00, 0x00, 0x00, 0x00, 0x00,
0x00, 0x00, 0x00, 0x00, 0x00, 0x00, 0x88, 0xFF, 0xEC, 0x00, 0x00, 0x00, 0x00, 0x00, 0x00, 0x00,
0x00, 0x00, 0x00, 0x00, 0x88, 0xFF, 0xEC, 0x00, 0x00, 0x00, 0x00, 0x00, 0x00, 0x73, 0xE0, 0xCE,
0x00, 0x00, 0x00, 0x00, 0x00, 0x00, 0x00, 0x73, 0xE0, 0xCE, 0x84, 0xFF, 0xEC, 0x00, 0x00, 0x00,
0x00, 0x00, 0x00, 0x00, 0x84, 0xFF, 0xEC, 0x84, 0xFF, 0xEC, 0x00, 0x00, 0x00, 0x00, 0x00, 0x00,
0x00, 0x84, 0xFF, 0xEC, 0x84, 0xFF, 0xEC, 0x00, 0x00, 0x00, 0x00, 0x00, 0x00, 0x00, 0x84, 0xFF,
0xEC, 0x84, 0xFF, 0xEC, 0x00, 0x00, 0x00, 0x00, 0x00, 0x00, 0x00, 0x84, 0xFF, 0xEC, 0x84, 0xFF,
0xEC, 0x00, 0x00, 0x00, 0x00, 0x00, 0x00, 0x00, 0x84, 0xFF, 0xEC, 0x84, 0xFF, 0xEC, 0x00, 0x00,
0x00, 0x00, 0x00, 0x00, 0x00, 0x84, 0xFF, 0xEC, 0x84, 0xFF, 0xEC, 0x00, 0x00, 0x00, 0x00, 0x00,
0x00, 0x00, 0x84, 0xFF, 0xEC, 0x84, 0xFF, 0xEC, 0x00, 0x00, 0x00, 0x00, 0x00, 0x00, 0x00, 0x84,
0xFF, 0xEC, 0x84, 0xFF, 0xEC, 0x00, 0x00, 0x00, 0x00, 0x00, 0x00, 0x00, 0x84, 0xFF, 0xEC, 0x84,
0xFF, 0xEC, 0x00, 0x00, 0x00, 0x00, 0x00, 0x00, 0x00, 0x84, 0xFF, 0xEC, 0x84, 0xFF, 0xEC, 0x00,
0x00, 0x00, 0x00, 0x00, 0x00, 0x00, 0x84, 0xFF, 0xEB, 0x7E, 0xFF, 0xF2, 0x00, 0x00, 0x00, 0x00,
0x00, 0x00, 0x00, 0x97, 0xFF, 0xDD, 0x69, 0xFF, 0xFF, 0x13, 0x00, 0x00, 0x00, 0x00, 0x00, 0x00,
0xBB, 0xFF, 0xBB, 0x35, 0xFF, 0xFF, 0x75, 0x00, 0x00, 0x00, 0x00, 0x00, 0x26, 0xFC, 0xFF, 0x74,
0x00, 0xD0, 0xFF, 0xF1, 0x4E, 0x01, 0x00, 0x00, 0x27, 0xCC, 0xFF, 0xEA, 0x0F, 0x00, 0x30, 0xEF,
0xFF, 0xFF, 0xEC, 0xD0, 0xDE, 0xFF, 0xFF, 0xF3, 0x3F, 0x00, 0x00, 0x00, 0x24, 0xAA, 0xF7, 0xFF,
0xFF, 0xFF, 0xF8, 0xAE, 0x28, 0x00, 0x00, 0x00, 0x00, 0x00, 0x00, 0x07, 0x2B, 0x3B, 0x2E, 0x0A,
0x00, 0x00, 0x00, 0x00, 0xB1, 0xE0, 0xCF, 0x02, 0x00, 0x00, 0x00, 0x00, 0x00, 0x00, 0x00, 0x00,
0x57, 0xE0, 0xE0, 0x2B, 0x7B, 0xFF, 0xFF, 0x3C, 0x00, 0x00, 0x00, 0x00, 0x00, 0x00, 0x00, 0x00,
0xB2, 0xFF, 0xDF, 0x00, 0x26, 0xFF, 0xFF, 0x8E, 0x00, 0x00, 0x00, 0x00, 0x00, 0x00, 0x00, 0x0C,
0xF7, 0xFF, 0x88, 0x00, 0x00, 0xD2, 0xFF, 0xDF, 0x00, 0x00, 0x00, 0x00, 0x00, 0x00, 0x00, 0x56,
0xFF, 0xFF, 0x31, 0x00, 0x00, 0x7D, 0xFF, 0xFF, 0x32, 0x00, 0x00, 0x00, 0x00, 0x00, 0x00, 0xA9,
0xFF, 0xDA, 0x00, 0x00, 0x00, 0x28, 0xFF, 0xFF, 0x84, 0x00, 0x00, 0x00, 0x00, 0x00, 0x07, 0xF2,
0xFF, 0x83, 0x00, 0x00, 0x00, 0x00, 0xD3, 0xFF, 0xD6, 0x00, 0x00, 0x00, 0x00, 0x00, 0x4D, 0xFF,
0xFF, 0x2C, 0x00, 0x00, 0x00, 0x00, 0x7F, 0xFF, 0xFF, 0x28, 0x00, 0x00, 0x00, 0x00, 0xA0, 0xFF,
0xD5, 0x00, 0x00, 0x00, 0x00, 0x00, 0x2A, 0xFF, 0xFF, 0x7A, 0x00, 0x00, 0x00, 0x04, 0xED, 0xFF,
0x7E, 0x00, 0x00, 0x00, 0x00, 0x00, 0x00, 0xD5, 0xFF, 0xCC, 0x00, 0x00, 0x00, 0x44, 0xFF, 0xFF,
0x27, 0x00, 0x00, 0x00, 0x00, 0x00, 0x00, 0x80, 0xFF, 0xFF, 0x1F, 0x00, 0x00, 0x97, 0xFF, 0xD0,
0x00, 0x00, 0x00, 0x00, 0x00, 0x00, 0x00, 0x2B, 0xFF, 0xFF, 0x70, 0x00, 0x01, 0xE6, 0xFF, 0x79,
0x00, 0x00, 0x00, 0x00, 0x00, 0x00, 0x00, 0x00, 0xD6, 0xFF, 0xC1, 0x00, 0x3A, 0xFF, 0xFF, 0x23,
0x00, 0x00, 0x00, 0x00, 0x00, 0x00, 0x00, 0x00, 0x82, 0xFF, 0xFC, 0x14, 0x8D, 0xFF, 0xCB, 0x00,
0x00, 0x00, 0x00, 0x00, 0x00, 0x00, 0x00, 0x00, 0x2D, 0xFF, 0xFF, 0x60, 0xDD, 0xFF, 0x74, 0x00,
0x00, 0x00, 0x00, 0x00, 0x00, 0x00, 0x00, 0x00, 0x00, 0xD8, 0xFF, 0xD8, 0xFF, 0xFE, 0x1E, 0x00,
0x00, 0x00, 0x00, 0x00, 0x00, 0x00, 0x00, 0x00, 0x00, 0x83, 0xFF, 0xFF, 0xFF, 0xC6, 0x00, 0x00,
0x00, 0x00, 0x00, 0x00, 0x00, 0x00, 0x00, 0x00, 0x00, 0x2E, 0xFF, 0xFF, 0xFF, 0x6F, 0x00, 0x00,
0x00, 0x00, 0x00, 0x00, 0x50, 0xE0, 0xD0, 0x00, 0x00, 0x00, 0x00, 0x00, 0x00, 0x00, 0x00, 0x00,
0x5D, 0xE0, 0xA8, 0x4C, 0xFF, 0xFB, 0x00, 0x00, 0x00, 0x00, 0x00, 0x00, 0x00, 0x00, 0x00, 0x78,
0xFF, 0xAF, 0x3A, 0xFF, 0xFF, 0x0A, 0x00, 0x00, 0x00, 0x00, 0x00, 0x00, 0x00, 0x00, 0x86, 0xFF,
0x9E, 0x29, 0xFF, 0xFF, 0x19, 0x00, 0x00, 0x00, 0x00, 0x00, 0x00, 0x00, 0x00, 0x94, 0xFF, 0x8D,
0x17, 0xFF, 0xFF, 0x28, 0x00, 0x00, 0x00, 0x00, 0x00, 0x00, 0x00, 0x00, 0xA2, 0xFF, 0x7C, 0x05,
0xFF, 0xFF, 0x37, 0x00, 0x00, 0x00, 0x00, 0x00, 0x00, 0x00, 0x00, 0xB0, 0xFF, 0x6A, 0x00, 0xF4,
0xFF, 0x45, 0x00, 0x00, 0x3F, 0xD8, 0x8F, 0x00, 0x00, 0x00, 0xBE, 0xFF, 0x59, 0x00, 0xE2, 0xFF,
0x54, 0x00, 0x00, 0x99, 0xFF, 0xF2, 0x09, 0x00, 0x00, 0xCD, 0xFF, 0x48, 0x00, 0xD0, 0xFF, 0x63,
0x00, 0x03, 0xE9, 0xFF, 0xFF, 0x55, 0x00, 0x00, 0xDB, 0xFF, 0x37, 0x00, 0xBF, 0xFF, 0x72, 0x00,
0x40, 0xFF, 0xF4, 0xFF, 0xAE, 0x00, 0x00, 0xE9, 0xFF, 0x26, 0x00, 0xAD, 0xFF, 0x81, 0x00, 0x94,
0xFF, 0x79, 0xFF, 0xF8, 0x0F, 0x00, 0xF7, 0xFF, 0x14, 0x00, 0x9B, 0xFF, 0x90, 0x01, 0xE5, 0xFB,
0x0F, 0xD6, 0xFF, 0x61, 0x04, 0xFF, 0xFF, 0x04, 0x00, 0x8A, 0xFF, 0x9F, 0x3B, 0xFF, 0xB8, 0x00,
0x7F, 0xFF, 0xBB, 0x13, 0xFF, 0xF2, 0x00, 0x00, 0x78, 0xFF, 0xAE, 0x8B, 0xFF, 0x63, 0x00, 0x26,
0xFF, 0xFC, 0x36, 0xFF, 0xE1, 0x00, 0x00, 0x66, 0xFF, 0xBE, 0xD9, 0xFB, 0x13, 0x00, 0x00, 0xCD,
0xFF, 0x93, 0xFF, 0xCF, 0x00, 0x00, 0x55, 0xFF, 0xED, 0xFF, 0xB8, 0x00, 0x00, 0x00, 0x73, 0xFF,
0xEC, 0xFF, 0xBE, 0x00, 0x00, 0x43, 0xFF, 0xFF, 0xFF, 0x63, 0x00, 0x00, 0x00, 0x1C, 0xFE, 0xFF,
0xFF, 0xAD, 0x00, 0x00, 0x31, 0xFF, 0xFF, 0xFB, 0x13, 0x00, 0x00, 0x00, 0x00, 0xC1, 0xFF, 0xFF,
0x9C, 0x00, 0x10, 0xD1, 0xE0, 0xBF, 0x04, 0x00, 0x00, 0x00, 0x00, 0x00, 0x00, 0x65, 0xE0, 0xE0,
0x49, 0x00, 0x6C, 0xFF, 0xFF, 0x71, 0x00, 0x00, 0x00, 0x00, 0x00, 0x17, 0xEF, 0xFF, 0xBC, 0x00,
0x00, 0x02, 0xC9, 0xFF, 0xF2, 0x1A, 0x00, 0x00, 0x00, 0x00, 0xA3, 0xFF, 0xF6, 0x23, 0x00, 0x00,
0x00, 0x2F, 0xFB, 0xFF, 0xA9, 0x00, 0x00, 0x00, 0x40, 0xFF, 0xFF, 0x78, 0x00, 0x00, 0x00, 0x00,
0x00, 0x8B, 0xFF, 0xFF, 0x44, 0x00, 0x05, 0xD6, 0xFF, 0xD1, 0x04, 0x00, 0x00, 0x00, 0x00, 0x00,
0x0A, 0xE0, 0xFF, 0xD9, 0x06, 0x78, 0xFF, 0xFD, 0x36, 0x00, 0x00, 0x00, 0x00, 0x00, 0x00, 0x00,
0x4A, 0xFF, 0xFF, 0x97, 0xF5, 0xFF, 0x91, 0x00, 0x00, 0x00, 0x00, 0x00, 0x00, 0x00, 0x00, 0x00,
0xAA, 0xFF, 0xFF, 0xFF, 0xE2, 0x0C, 0x00, 0x00, 0x00, 0x00, 0x00, 0x00, 0x00, 0x00, 0x00, 0x19,
0xF3, 0xFF, 0xFF, 0x56, 0x00, 0x00, 0x00, 0x00, 0x00, 0x00, 0x00, 0x00, 0x00, 0x00, 0x3C, 0xFE,
0xFF, 0xFF, 0x9E, 0x00, 0x00, 0x00, 0x00, 0x00, 0x00, 0x00, 0x00, 0x00, 0x08, 0xD8, 0xFF, 0xF8,
0xFF, 0xFF, 0x43, 0x00, 0x00, 0x00, 0x00, 0x00, 0x00, 0x00, 0x00, 0x87, 0xFF, 0xFE, 0x42, 0xE2,
0xFF, 0xDC, 0x09, 0x00, 0x00, 0x00, 0x00, 0x00, 0x00, 0x31, 0xFB, 0xFF, 0x99, 0x00, 0x54, 0xFF,
0xFF, 0x8A, 0x00, 0x00, 0x00, 0x00, 0x00, 0x04, 0xCF, 0xFF, 0xEC, 0x13, 0x00, 0x00, 0xB9, 0xFF,
0xFC, 0x32, 0x00, 0x00, 0x00, 0x00, 0x7A, 0xFF, 0xFF, 0x64, 0x00, 0x00, 0x00, 0x26, 0xF9, 0xFF,
0xCE, 0x03, 0x00, 0x00, 0x28, 0xF8, 0xFF, 0xC8, 0x01, 0x00, 0x00, 0x00, 0x00, 0x86, 0xFF, 0xFF,
0x76, 0x00, 0x01, 0xC4, 0xFF, 0xFD, 0x32, 0x00, 0x00, 0x00, 0x00, 0x00, 0x0A, 0xE1, 0xFF, 0xF6,
0x23, 0x6D, 0xFF, 0xFF, 0x95, 0x00, 0x00, 0x00, 0x00, 0x00, 0x00, 0x00, 0x51, 0xFF, 0xFF, 0xBC,
0xA8, 0xE0, 0xDF, 0x27, 0x00, 0x00, 0x00, 0x00, 0x00, 0x00, 0x00, 0x00, 0x8B, 0xE0, 0xDD, 0x22,
0x3A, 0xFF, 0xFF, 0xAF, 0x00, 0x00, 0x00, 0x00, 0x00, 0x00, 0x00, 0x23, 0xFA, 0xFF, 0x9D, 0x00,
0x00, 0xA8, 0xFF, 0xFF, 0x3B, 0x00, 0x00, 0x00, 0x00, 0x00, 0x00, 0xA7, 0xFF, 0xF4, 0x19, 0x00,
0x00, 0x1F, 0xF7, 0xFF, 0xC5, 0x00, 0x00, 0x00, 0x00, 0x00, 0x2F, 0xFE, 0xFF, 0x7D, 0x00, 0x00,
0x00, 0x00, 0x87, 0xFF, 0xFF, 0x51, 0x00, 0x00, 0x00, 0x00, 0xB6, 0xFF, 0xE3, 0x09, 0x00, 0x00,
0x00, 0x00, 0x0D, 0xE8, 0xFF, 0xD8, 0x04, 0x00, 0x00, 0x3D, 0xFF, 0xFF, 0x5C, 0x00, 0x00, 0x00,
0x00, 0x00, 0x00, 0x65, 0xFF, 0xFF, 0x67, 0x00, 0x00, 0xC5, 0xFF, 0xCB, 0x01, 0x00, 0x00, 0x00,
0x00, 0x00, 0x00, 0x02, 0xD1, 0xFF, 0xE2, 0x06, 0x49, 0xFF, 0xFF, 0x3C, 0x00, 0x00, 0x00, 0x00,
0x00, 0x00, 0x00, 0x00, 0x43, 0xFF, 0xFF, 0x69, 0xC8, 0xFF, 0xAC, 0x00, 0x00, 0x00, 0x00, 0x00,
0x00, 0x00, 0x00, 0x00, 0x00, 0xB3, 0xFF, 0xF4, 0xFF, 0xF9, 0x22, 0x00, 0x00, 0x00, 0x00, 0x00,
0x00, 0x00, 0x00, 0x00, 0x00, 0x27, 0xFA, 0xFF, 0xFF, 0x8B, 0x00, 0x00, 0x00, 0x00, 0x00, 0x00,
0x00, 0x00, 0x00, 0x00, 0x00, 0x00, 0x9F, 0xFF, 0xF6, 0x0F, 0x00, 0x00, 0x00, 0x00, 0x00, 0x00,
0x00, 0x00, 0x00, 0x00, 0x00, 0x00, 0x88, 0xFF, 0xEC, 0x00, 0x00, 0x00, 0x00, 0x00, 0x00, 0x00,
0x00, 0x00, 0x00, 0x00, 0x00, 0x00, 0x88, 0xFF, 0xEC, 0x00, 0x00, 0x00, 0x00, 0x00, 0x00, 0x00,
0x00, 0x00, 0x00, 0x00, 0x00, 0x00, 0x88, 0xFF, 0xEC, 0x00, 0x00, 0x00, 0x00, 0x00, 0x00, 0x00,
0x00, 0x00, 0x00, 0x00, 0x00, 0x00, 0x88, 0xFF, 0xEC, 0x00, 0x00, 0x00, 0x00, 0x00, 0x00, 0x00,
0x00, 0x00, 0x00, 0x00, 0x00, 0x00, 0x88, 0xFF, 0xEC, 0x00, 0x00, 0x00, 0x00, 0x00, 0x00, 0x00,
0x00, 0x00, 0x00, 0x00, 0x00, 0x00, 0x88, 0xFF, 0xEC, 0x00, 0x00, 0x00, 0x00, 0x00, 0x00, 0x00,
0x34, 0xE0, 0xE0, 0xE0, 0xE0, 0xE0, 0xE0, 0xE0, 0xE0, 0xE0, 0xE0, 0xE0, 0x9A, 0x3C, 0xFF, 0xFF,
0xFF, 0xFF, 0xFF, 0xFF, 0xFF, 0xFF, 0xFF, 0xFF, 0xFF, 0xB0, 0x14, 0x58, 0x58, 0x58, 0x58, 0x58,
0x58, 0x58, 0x58, 0xB1, 0xFF, 0xFF, 0x62, 0x00, 0x00, 0x00, 0x00, 0x00, 0x00, 0x00, 0x00, 0x20,
0xF3, 0xFF, 0xB7, 0x00, 0x00, 0x00, 0x00, 0x00, 0x00, 0x00, 0x00, 0x01, 0xBC, 0xFF, 0xF0, 0x1C,
0x00, 0x00, 0x00, 0x00, 0x00, 0x00, 0x00, 0x00, 0x68, 0xFF, 0xFF, 0x62, 0x00, 0x00, 0x00, 0x00,
0x00, 0x00, 0x00, 0x00, 0x1E, 0xF2, 0xFF, 0xB7, 0x00, 0x00, 0x00, 0x00, 0x00, 0x00, 0x00, 0x00,
0x00, 0xB9, 0xFF, 0xF0, 0x1C, 0x00, 0x00, 0x00, 0x00, 0x00, 0x00, 0x00, 0x00, 0x64, 0xFF, 0xFF,
0x62, 0x00, 0x00, 0x00, 0x00, 0x00, 0x00, 0x00, 0x00, 0x1C, 0xF1, 0xFF, 0xB7, 0x00, 0x00, 0x00,
0x00, 0x00, 0x00, 0x00, 0x00, 0x00, 0xB7, 0xFF, 0xF0, 0x1C, 0x00, 0x00, 0x00, 0x00, 0x00, 0x00,
0x00, 0x00, 0x61, 0xFF, 0xFF, 0x62, 0x00, 0x00, 0x00, 0x00, 0x00, 0x00, 0x00, 0x00, 0x1A, 0xEF,
0xFF, 0xB7, 0x00, 0x00, 0x00, 0x00, 0x00, 0x00, 0x00, 0x00, 0x00, 0xB4, 0xFF, 0xF0, 0x1C, 0x00,
0x00, 0x00, 0x00, 0x00, 0x00, 0x00, 0x00, 0x5E, 0xFF, 0xFF, 0x62, 0x00, 0x00, 0x00, 0x00, 0x00,
0x00, 0x00, 0x00, 0x19, 0xEE, 0xFF, 0xDB, 0x44, 0x44, 0x44, 0x44, 0x44, 0x44, 0x44, 0x44, 0x3A,
0x79, 0xFF, 0xFF, 0xFF, 0xFF, 0xFF, 0xFF, 0xFF, 0xFF, 0xFF, 0xFF, 0xFF, 0xDC, 0x7C, 0xFF, 0xFF,
0xFF, 0xFF, 0xFF, 0xFF, 0xFF, 0xFF, 0xFF, 0xFF, 0xFF, 0xDC, 0x39, 0xCC, 0xCC, 0xCC, 0xCC, 0xCC,
0xCC, 0x5C, 0x48, 0xFF, 0xFF, 0xFF, 0xFF, 0xFF, 0xFF, 0x74, 0x48, 0xFF, 0xFC, 0x1C, 0x1C, 0x1C,
0x1C, 0x0C, 0x48, 0xFF, 0xFC, 0x00, 0x00, 0x00, 0x00, 0x00, 0x48, 0xFF, 0xFC, 0x00, 0x00, 0x00,
0x00, 0x00, 0x48, 0xFF, 0xFC, 0x00, 0x00, 0x00, 0x00, 0x00, 0x48, 0xFF, 0xFC, 0x00, 0x00, 0x00,
0x00, 0x00, 0x48, 0xFF, 0xFC, 0x00, 0x00, 0x00, 0x00, 0x00, 0x48, 0xFF, 0xFC, 0x00, 0x00, 0x00,
0x00, 0x00, 0x48, 0xFF, 0xFC, 0x00, 0x00, 0x00, 0x00, 0x00, 0x48, 0xFF, 0xFC, 0x00, 0x00, 0x00,
0x00, 0x00, 0x48, 0xFF, 0xFC, 0x00, 0x00, 0x00, 0x00, 0x00, 0x48, 0xFF, 0xFC, 0x00, 0x00, 0x00,
0x00, 0x00, 0x48, 0xFF, 0xFC, 0x00, 0x00, 0x00, 0x00, 0x00, 0x48, 0xFF, 0xFC, 0x00, 0x00, 0x00,
0x00, 0x00, 0x48, 0xFF, 0xFC, 0x00, 0x00, 0x00, 0x00, 0x00, 0x48, 0xFF, 0xFC, 0x00, 0x00, 0x00,
0x00, 0x00, 0x48, 0xFF, 0xFC, 0x00, 0x00, 0x00, 0x00, 0x00, 0x48, 0xFF, 0xFC, 0x00, 0x00, 0x00,
0x00, 0x00, 0x48, 0xFF, 0xFC, 0x00, 0x00, 0x00, 0x00, 0x00, 0x48, 0xFF, 0xFC, 0x00, 0x00, 0x00,
0x00, 0x00, 0x48, 0xFF, 0xFC, 0x00, 0x00, 0x00, 0x00, 0x00, 0x48, 0xFF, 0xFC, 0x00, 0x00, 0x00,
0x00, 0x00, 0x48, 0xFF, 0xFD, 0x50, 0x50, 0x50, 0x50, 0x24, 0x48, 0xFF, 0xFF, 0xFF, 0xFF, 0xFF,
0xFF, 0x74, 0x2B, 0x9C, 0x9C, 0x9C, 0x9C, 0x9C, 0x9C, 0x46, 0x3B, 0x50, 0x29, 0x00, 0x00, 0x00,
0x00, 0x00, 0x00, 0x00, 0x00, 0x00, 0x79, 0xFF, 0xCB, 0x00, 0x00, 0x00, 0x00, 0x00, 0x00, 0x00,
0x00, 0x00, 0x14, 0xF8, 0xFF, 0x37, 0x00, 0x00, 0x00, 0x00, 0x00, 0x00, 0x00, 0x00, 0x00, 0xA1,
0xFF, 0xA3, 0x00, 0x00, 0x00, 0x00, 0x00, 0x00, 0x00, 0x00, 0x00, 0x35, 0xFF, 0xF9, 0x16, 0x00,
0x00, 0x00, 0x00, 0x00, 0x00, 0x00, 0x00, 0x00, 0xC9, 0xFF, 0x7B, 0x00, 0x00, 0x00, 0x00, 0x00,
0x00, 0x00, 0x00, 0x00, 0x5D, 0xFF, 0xE3, 0x04, 0x00, 0x00, 0x00, 0x00, 0x00, 0x00, 0x00, 0x00,
0x07, 0xEA, 0xFF, 0x54, 0x00, 0x00, 0x00, 0x00, 0x00, 0x00, 0x00, 0x00, 0x00, 0x86, 0xFF, 0xC0,
0x00, 0x00, 0x00, 0x00, 0x00, 0x00, 0x00, 0x00, 0x00, 0x1D, 0xFC, 0xFF, 0x2C, 0x00, 0x00, 0x00,
0x00, 0x00, 0x00, 0x00, 0x00, 0x00, 0xAE, 0xFF, 0x98, 0x00, 0x00, 0x00, 0x00, 0x00, 0x00, 0x00,
0x00, 0x00, 0x42, 0xFF, 0xF4, 0x0F, 0x00, 0x00, 0x00, 0x00, 0x00, 0x00, 0x00, 0x00, 0x00, 0xD5,
0xFF, 0x70, 0x00, 0x00, 0x00, 0x00, 0x00, 0x00, 0x00, 0x00, 0x00, 0x6A, 0xFF, 0xDA, 0x01, 0x00,
0x00, 0x00, 0x00, 0x00, 0x00, 0x00, 0x00, 0x0C, 0xF1, 0xFF, 0x48, 0x00, 0x00, 0x00, 0x00, 0x00,
0x00, 0x00, 0x00, 0x00, 0x93, 0xFF, 0xB4, 0x00, 0x00, 0x00, 0x00, 0x00, 0x00, 0x00, 0x00, 0x00,
0x27, 0xFE, 0xFD, 0x22, 0x00, 0x00, 0x00, 0x00, 0x00, 0x00, 0x00, 0x00, 0x00, 0xBB, 0xFF, 0x8C,
0x00, 0x00, 0x00, 0x00, 0x00, 0x00, 0x00, 0x00, 0x00, 0x4F, 0xFF, 0xEE, 0x09, 0x00, 0x00, 0x00,
0x00, 0x00, 0x00, 0x00, 0x00, 0x02, 0xE0, 0xFF, 0x64, 0x00, 0x00, 0x00, 0x00, 0x00, 0x00, 0x00,
0x00, 0x00, 0x77, 0xFF, 0xCF, 0x00, 0x00, 0x00, 0x00, 0x00, 0x00, 0x00, 0x00, 0x00, 0x13, 0xF7,
0xFF, 0x3C, 0x00, 0x00, 0x00, 0x00, 0x00, 0x00, 0x00, 0x00, 0x00, 0x98, 0xF0, 0x9A, 0x0C, 0xCC,
0xCC, 0xCC, 0xCC, 0xCC, 0xCC, 0x89, 0x10, 0xFF, 0xFF, 0xFF, 0xFF, 0xFF, 0xFF, 0xAC, 0x01, 0x1C,
0x1C, 0x1C, 0x1C, 0xAA, 0xFF, 0xAC, 0x00, 0x00, 0x00, 0x00, 0x00, 0xA0, 0xFF, 0xAC, 0x00, 0x00,
0x00, 0x00, 0x00, 0xA0, 0xFF, 0xAC, 0x00, 0x00, 0x00, 0x00, 0x00, 0xA0, 0xFF, 0xAC, 0x00, 0x00,
0x00, 0x00, 0x00, 0xA0, 0xFF, 0xAC, 0x00, 0x00, 0x00, 0x00, 0x00, 0xA0, 0xFF, 0xAC, 0x00, 0x00,
0x00, 0x00, 0x00, 0xA0, 0xFF, 0xAC, 0x00, 0x00, 0x00, 0x00, 0x00, 0xA0, 0xFF, 0xAC, 0x00, 0x00,
0x00, 0x00, 0x00, 0xA0, 0xFF, 0xAC, 0x00, 0x00, 0x00, 0x00, 0x00, 0xA0, 0xFF, 0xAC, 0x00, 0x00,
0x00, 0x00, 0x00, 0xA0, 0xFF, 0xAC, 0x00, 0x00, 0x00, 0x00, 0x00, 0xA0, 0xFF, 0xAC, 0x00, 0x00,
0x00, 0x00, 0x00, 0xA0, 0xFF, 0xAC, 0x00, 0x00, 0x00, 0x00, 0x00, 0xA0, 0xFF, 0xAC, 0x00, 0x00,
0x00, 0x00, 0x00, 0xA0, 0xFF, 0xAC, 0x00, 0x00, 0x00, 0x00, 0x00, 0xA0, 0xFF, 0xAC, 0x00, 0x00,
0x00, 0x00, 0x00, 0xA0, 0xFF, 0xAC, 0x00, 0x00, 0x00, 0x00, 0x00, 0xA0, 0xFF, 0xAC, 0x00, 0x00,
0x00, 0x00, 0x00, 0xA0, 0xFF, 0xAC, 0x00, 0x00, 0x00, 0x00, 0x00, 0xA0, 0xFF, 0xAC, 0x00, 0x00,
0x00, 0x00, 0x00, 0xA0, 0xFF, 0xAC, 0x05, 0x50, 0x50, 0x50, 0x50, 0xBE, 0xFF, 0xAC, 0x10, 0xFF,
0xFF, 0xFF, 0xFF, 0xFF, 0xFF, 0xAC, 0x09, 0x9C, 0x9C, 0x9C, 0x9C, 0x9C, 0x9C, 0x68, 0x00, 0x00,
0x00, 0x00, 0x00, 0x85, 0xE0, 0xBC, 0x03, 0x00, 0x00, 0x00, 0x00, 0x00, 0x00, 0x00, 0x00, 0x26,
0xFA, 0xFF, 0xFF, 0x6C, 0x00, 0x00, 0x00, 0x00, 0x00, 0x00, 0x00, 0x00, 0xB4, 0xFF, 0x77, 0xFD,
0xEF, 0x16, 0x00, 0x00, 0x00, 0x00, 0x00, 0x00, 0x46, 0xFF, 0xB9, 0x00, 0x9D, 0xFF, 0xA0, 0x00,
0x00, 0x00, 0x00, 0x00, 0x04, 0xD5, 0xFE, 0x30, 0x00, 0x17, 0xF1, 0xFE, 0x3C, 0x00, 0x00, 0x00,
0x00, 0x6C, 0xFF, 0xA2, 0x00, 0x00, 0x00, 0x75, 0xFF, 0xD1, 0x03, 0x00, 0x00, 0x11, 0xEC, 0xF8,
0x1F, 0x00, 0x00, 0x00, 0x06, 0xDA, 0xFF, 0x6F, 0x00, 0x00, 0x91, 0xFF, 0x8C, 0x00, 0x00, 0x00,
0x00, 0x00, 0x4D, 0xFF, 0xF1, 0x18, 0x1A, 0xD7, 0xD3, 0x12, 0x00, 0x00, 0x00, 0x00, 0x00, 0x00,
0xA8, 0xDC, 0x83, 0x5C, 0x5C, 0x5C, 0x5C, 0x5C, 0x5C, 0x5C, 0x5C, 0x5C, 0x5C, 0x5C, 0x5C, 0x5C,
0x5C, 0x5C, 0x23, 0xFF, 0xFF, 0xFF, 0xFF, 0xFF, 0xFF, 0xFF, 0xFF, 0xFF, 0xFF, 0xFF, 0xFF, 0xFF,
0xFF, 0xFF, 0x64, 0x9C, 0x9C, 0x9C, 0x9C, 0x9C, 0x9C, 0x9C, 0x9C, 0x9C, 0x9C, 0x9C, 0x9C, 0x9C,
0x9C, 0x9C, 0x3C, 0x21, 0x50, 0x50, 0x4C, 0x02, 0x00, 0x00, 0x00, 0x04, 0x89, 0xFE, 0xFF, 0xA1,
0x02, 0x00, 0x00, 0x00, 0x00, 0x4B, 0xED, 0xFF, 0xA2, 0x02, 0x00, 0x00, 0x00, 0x00, 0x1E, 0xC6,
0xFC, 0x9F, 0x02, 0x00, 0x00, 0x44, 0x8C, 0xC1, 0xE2, 0xF2, 0xEC, 0xCA, 0x82, 0x12, 0x00, 0x00,
0x00, 0x08, 0xFF, 0xFF, 0xFF, 0xFF, 0xFF, 0xFF, 0xFF, 0xFF, 0xE5, 0x24, 0x00, 0x00, 0x08, 0xE0,
0x90, 0x48, 0x1F, 0x11, 0x2A, 0x85, 0xFD, 0xFF, 0xB6, 0x00, 0x00, 0x00, 0x00, 0x00, 0x00, 0x00,
0x00, 0x00, 0x00, 0x92, 0xFF, 0xFC, 0x0A, 0x00, 0x00, 0x00, 0x00, 0x00, 0x00, 0x00, 0x00, 0x00,
0x4C, 0xFF, 0xFF, 0x20, 0x00, 0x00, 0x00, 0x00, 0x00, 0x00, 0x0A, 0x10, 0x10, 0x4C, 0xFF, 0xFF,
0x24, 0x00, 0x00, 0x10, 0x7F, 0xCE, 0xF8, 0xFF, 0xFF, 0xFF, 0xFF, 0xFF, 0xFF, 0x24, 0x00, 0x27,
0xE5, 0xFF, 0xFF, 0xE7, 0xC8, 0xC0, 0xC0, 0xD0, 0xFF, 0xFF, 0x24, 0x00, 0xC5, 0xFF, 0xF1, 0x46,
0x00, 0x00, 0x00, 0x00, 0x40, 0xFF, 0xFF, 0x24, 0x17, 0xFF, 0xFF, 0x7D, 0x00, 0x00, 0x00, 0x00,
0x00, 0x40, 0xFF, 0xFF, 0x24, 0x25, 0xFF, 0xFF, 0x61, 0x00, 0x00, 0x00, 0x00, 0x06, 0xA1, 0xFF,
0xFF, 0x24, 0x05, 0xFA, 0xFF, 0xC2, 0x0B, 0x00, 0x00, 0x40, 0xCF, 0xFF, 0xFF, 0xFF, 0x24, 0x00,
0x99, 0xFF, 0xFF, 0xED, 0xC5, 0xE1, 0xFF, 0xFF, 0x92, 0xFF, 0xFF, 0x24, 0x00, 0x08, 0x92, 0xF8,
0xFF, 0xFF, 0xFF, 0xCE, 0x4A, 0x03, 0xFF, 0xFF, 0x24, 0x00, 0x00, 0x00, 0x0A, 0x32, 0x38, 0x1A,
0x00, 0x00, 0x00, 0x00, 0x00, 0x00, 0x41, 0x50, 0x2D, 0x00, 0x00, 0x00, 0x00, 0x00, 0x00, 0x00,
0x00, 0x00, 0xD0, 0xFF, 0x90, 0x00, 0x00, 0x00, 0x00, 0x00, 0x00, 0x00, 0x00, 0x00, 0xD0, 0xFF,
0x90, 0x00, 0x00, 0x00, 0x00, 0x00, 0x00, 0x00, 0x00, 0x00, 0xD0, 0xFF, 0x90, 0x00, 0x00, 0x00,
0x00, 0x00, 0x00, 0x00, 0x00, 0x00, 0xD0, 0xFF, 0x90, 0x00, 0x00, 0x00, 0x00, 0x00, 0x00, 0x00,
0x00, 0x00, 0xD0, 0xFF, 0x90, 0x00, 0x00, 0x00, 0x00, 0x00, 0x00, 0x00, 0x00, 0x00, 0xD0, 0xFF,
0x8A, 0x00, 0x48, 0xB2, 0xE5, 0xED, 0xBD, 0x43, 0x00, 0x00, 0xD0, 0xFF, 0x7F, 0x90, 0xFF, 0xFF,
0xFF, 0xFF, 0xFF, 0xFE, 0x5C, 0x00, 0xD0, 0xFF, 0xDF, 0xFF, 0xE5, 0x64, 0x27, 0x48, 0xDE, 0xFF,
0xF1, 0x14, 0xD0, 0xFF, 0xFF, 0xD0, 0x19, 0x00, 0x00, 0x00, 0x31, 0xFF, 0xFF, 0x6D, 0xD0, 0xFF,
0xE0, 0x16, 0x00, 0x00, 0x00, 0x00, 0x00, 0xCC, 0xFF, 0xAF, 0xD0, 0xFF, 0x90, 0x00, 0x00, 0x00,
0x00, 0x00, 0x00, 0xA2, 0xFF, 0xD6, 0xD0, 0xFF, 0x90, 0x00, 0x00, 0x00, 0x00, 0x00, 0x00, 0x8E,
0xFF, 0xE6, 0xD0, 0xFF, 0x90, 0x00, 0x00, 0x00, 0x00, 0x00, 0x00, 0x8D, 0xFF, 0xDF, 0xD0, 0xFF,
0x90, 0x00, 0x00, 0x00, 0x00, 0x00, 0x00, 0xA4, 0xFF, 0xC7, 0xD0, 0xFF, 0x90, 0x00, 0x00, 0x00,
0x00, 0x00, 0x01, 0xE0, 0xFF, 0x8C, 0xD0, 0xFF, 0x90, 0x00, 0x00, 0x00, 0x00, 0x00, 0x57, 0xFF,
0xFF, 0x30, 0xD0, 0xFF, 0xB0, 0x14, 0x00, 0x00, 0x00, 0x51, 0xF1, 0xFF, 0xA2, 0x00, 0xD0, 0xFF,
0xFF, 0xFD, 0xDC, 0xCD, 0xF1, 0xFF, 0xFF, 0xBA, 0x0B, 0x00, 0x45, 0xA2, 0xE2, 0xFE, 0xFF, 0xFF,
0xFE, 0xCF, 0x66, 0x04, 0x00, 0x00, 0x00, 0x00, 0x00, 0x05, 0x1C, 0x24, 0x0E, 0x00, 0x00, 0x00,
0x00, 0x00, 0x00, 0x00, 0x00, 0x10, 0x76, 0xBE, 0xDE, 0xE3, 0xCF, 0xA5, 0x57, 0x00, 0x00, 0x4C,
0xEE, 0xFF, 0xFF, 0xFF, 0xFF, 0xFF, 0xFF, 0xDC, 0x00, 0x46, 0xFD, 0xFF, 0xE9, 0x72, 0x2D, 0x27,
0x44, 0x76, 0xB1, 0x08, 0xE5, 0xFF, 0xDE, 0x1B, 0x00, 0x00, 0x00, 0x00, 0x00, 0x00, 0x61, 0xFF,
0xFF, 0x45, 0x00, 0x00, 0x00, 0x00, 0x00, 0x00, 0x00, 0xA7, 0xFF, 0xE3, 0x00, 0x00, 0x00, 0x00,
0x00, 0x00, 0x00, 0x00, 0xC8, 0xFF, 0xB5, 0x00, 0x00, 0x00, 0x00, 0x00, 0x00, 0x00, 0x00, 0xD2,
0xFF, 0xAD, 0x00, 0x00, 0x00, 0x00, 0x00, 0x00, 0x00, 0x00, 0xC2, 0xFF, 0xC5, 0x00, 0x00, 0x00,
0x00, 0x00, 0x00, 0x00, 0x00, 0x96, 0xFF, 0xF7, 0x10, 0x00, 0x00, 0x00, 0x00, 0x00, 0x00, 0x00,
0x49, 0xFF, 0xFF, 0x8C, 0x00, 0x00, 0x00, 0x00, 0x00, 0x00, 0x00, 0x01, 0xC7, 0xFF, 0xFF, 0x96,
0x1C, 0x00, 0x00, 0x02, 0x36, 0x7A, 0x00, 0x1C, 0xD7, 0xFF, 0xFF, 0xFF, 0xE6, 0xE1, 0xFB, 0xFF,
0xDC, 0x00, 0x00, 0x0D, 0x7D, 0xDC, 0xFF, 0xFF, 0xFF, 0xFF, 0xDE, 0x87, 0x00, 0x00, 0x00, 0x00,
0x00, 0x13, 0x28, 0x24, 0x0D, 0x00, 0x00, 0x00, 0x00, 0x00, 0x00, 0x00, 0x00, 0x00, 0x00, 0x00,
0x14, 0x50, 0x50, 0x0B, 0x00, 0x00, 0x00, 0x00, 0x00, 0x00, 0x00, 0x00, 0x00, 0x40, 0xFF, 0xFF,
0x24, 0x00, 0x00, 0x00, 0x00, 0x00, 0x00, 0x00, 0x00, 0x00, 0x40, 0xFF, 0xFF, 0x24, 0x00, 0x00,
0x00, 0x00, 0x00, 0x00, 0x00, 0x00, 0x00, 0x40, 0xFF, 0xFF, 0x24, 0x00, 0x00, 0x00, 0x00, 0x00,
0x00, 0x00, 0x00, 0x00, 0x40, 0xFF, 0xFF, 0x24, 0x00, 0x00, 0x00, 0x00, 0x00, 0x00, 0x00, 0x00,
0x00, 0x40, 0xFF, 0xFF, 0x24, 0x00, 0x00, 0x00, 0x07, 0x64, 0xB0, 0xD4, 0xDE, 0xCA, 0xB8, 0xFF,
0xFF, 0x24, 0x00, 0x00, 0x2E, 0xDE, 0xFF, 0xFF, 0xFF, 0xFF, 0xFF, 0xFF, 0xFF, 0xFF, 0x24, 0x00,
0x1C, 0xEC, 0xFF, 0xD9, 0x5A, 0x21, 0x1F, 0x42, 0xA4, 0xFF, 0xFF, 0x24, 0x00, 0xA7, 0xFF, 0xDB,
0x10, 0x00, 0x00, 0x00, 0x00, 0x40, 0xFF, 0xFF, 0x24, 0x14, 0xFC, 0xFF, 0x5C, 0x00, 0x00, 0x00,
0x00, 0x00, 0x40, 0xFF, 0xFF, 0x24, 0x52, 0xFF, 0xFF, 0x16, 0x00, 0x00, 0x00, 0x00, 0x00, 0x40,
0xFF, 0xFF, 0x24, 0x73, 0xFF, 0xF6, 0x00, 0x00, 0x00, 0x00, 0x00, 0x00, 0x40, 0xFF, 0xFF, 0x24,
0x80, 0xFF, 0xEE, 0x00, 0x00, 0x00, 0x00, 0x00, 0x00, 0x40, 0xFF, 0xFF, 0x24, 0x76, 0xFF, 0xF9,
0x01, 0x00, 0x00, 0x00, 0x00, 0x00, 0x40, 0xFF, 0xFF, 0x24, 0x57, 0xFF, 0xFF, 0x21, 0x00, 0x00,
0x00, 0x00, 0x00, 0xA0, 0xFF, 0xFF, 0x24, 0x20, 0xFF, 0xFF, 0x6F, 0x00, 0x00, 0x00, 0x00, 0x75,
0xFF, 0xFF, 0xFF, 0x24, 0x00, 0xC2, 0xFF, 0xED, 0x2E, 0x00, 0x09, 0x8A, 0xFF, 0xD9, 0xFF, 0xFF,
0x24, 0x00, 0x36, 0xF9, 0xFF, 0xFD, 0xD6, 0xF3, 0xFF, 0xE1, 0x28, 0xFF, 0xFF, 0x24, 0x00, 0x00,
0x45, 0xE0, 0xFF, 0xFF, 0xFB, 0xA7, 0x15, 0x04, 0xFF, 0xFF, 0x24, 0x00, 0x00, 0x00, 0x02, 0x2A,
0x35, 0x11, 0x00, 0x00, 0x00, 0x00, 0x00, 0x00, 0x00, 0x00, 0x00, 0x0F, 0x7E, 0xCE, 0xEE, 0xE9,
0xC2, 0x6E, 0x08, 0x00, 0x00, 0x00, 0x00, 0x2E, 0xE5, 0xFF, 0xFF, 0xF4, 0xFC, 0xFF, 0xFF, 0xD4,
0x1A, 0x00, 0x00, 0x14, 0xE8, 0xFF, 0xCE, 0x2E, 0x00, 0x07, 0x65, 0xF5, 0xFF, 0xC3, 0x00, 0x00,
0x96, 0xFF, 0xE6, 0x0C, 0x00, 0x00, 0x00, 0x00, 0x58, 0xFF, 0xFF, 0x44, 0x08, 0xF4, 0xFF, 0x71,
0x00, 0x00, 0x00, 0x00, 0x00, 0x01, 0xE4, 0xFF, 0x8F, 0x3C, 0xFF, 0xFF, 0x35, 0x00, 0x00, 0x00,
0x00, 0x00, 0x00, 0xC0, 0xFF, 0xB7, 0x5B, 0xFF, 0xFF, 0xF1, 0xF0, 0xF0, 0xF0, 0xF0, 0xF0, 0xF0,
0xFB, 0xFF, 0xC5, 0x62, 0xFF, 0xFF, 0xEA, 0xE8, 0xE8, 0xE8, 0xE8, 0xE8, 0xE8, 0xE8, 0xE8, 0xAF,
0x51, 0xFF, 0xFF, 0x22, 0x00, 0x00, 0x00, 0x00, 0x00, 0x00, 0x00, 0x00, 0x00, 0x27, 0xFF, 0xFF,
0x53, 0x00, 0x00, 0x00, 0x00, 0x00, 0x00, 0x00, 0x00, 0x00, 0x01, 0xDE, 0xFF, 0xC5, 0x03, 0x00,
0x00, 0x00, 0x00, 0x00, 0x00, 0x00, 0x00, 0x00, 0x68, 0xFF, 0xFF, 0xAF, 0x1E, 0x00, 0x00, 0x00,
0x00, 0x04, 0x31, 0x03, 0x00, 0x01, 0xA2, 0xFF, 0xFF, 0xFE, 0xD7, 0xC0, 0xC4, 0xD9, 0xF9, 0xFF,
0x0C, 0x00, 0x00, 0x00, 0x5F, 0xD1, 0xFF, 0xFF, 0xFF, 0xFF, 0xFF, 0xF5, 0xC2, 0x07, 0x00, 0x00,
0x00, 0x00, 0x00, 0x14, 0x31, 0x3B, 0x2C, 0x19, 0x02, 0x00, 0x00, 0x00, 0x00, 0x00, 0x00, 0x00,
0x00, 0x00, 0x11, 0x4F, 0x6F, 0x77, 0x69, 0x49, 0x11, 0x00, 0x00, 0x00, 0x00, 0x00, 0x03, 0x84,
0xF6, 0xFF, 0xFF, 0xFF, 0xFF, 0xFF, 0x60, 0x00, 0x00, 0x00, 0x00, 0x00, 0x89, 0xFF, 0xFF, 0xDA,
0x99, 0x86, 0x98, 0xBE, 0x52, 0x00, 0x00, 0x00, 0x00, 0x16, 0xF9, 0xFF, 0xAE, 0x06, 0x00, 0x00,
0x00, 0x00, 0x00, 0x00, 0x00, 0x00, 0x00, 0x56, 0xFF, 0xFF, 0x27, 0x00, 0x00, 0x00, 0x00, 0x00,
0x00, 0x00, 0x00, 0x00, 0x00, 0x73, 0xFF, 0xFA, 0x02, 0x00, 0x00, 0x00, 0x00, 0x00, 0x00, 0x00,
0x00, 0x00, 0x00, 0x7C, 0xFF, 0xF0, 0x00, 0x00, 0x00, 0x00, 0x00, 0x00, 0x00, 0x00, 0x00, 0x00,
0x00, 0x7C, 0xFF, 0xF0, 0x00, 0x00, 0x00, 0x00, 0x00, 0x00, 0x00, 0xAA, 0xBC, 0xBC, 0xBC, 0xDC,
0xFF, 0xFB, 0xBC, 0xBC, 0xBC, 0xBC, 0xBC, 0xB3, 0x00, 0xE8, 0xFF, 0xFF, 0xFF, 0xFF, 0xFF, 0xFF,
0xFF, 0xFF, 0xFF, 0xFF, 0xFF, 0xF4, 0x00, 0x3A, 0x40, 0x40, 0x40, 0x9D, 0xFF, 0xF4, 0x40, 0x40,
0x40, 0x40, 0x40, 0x3D, 0x00, 0x00, 0x00, 0x00, 0x00, 0x7C, 0xFF, 0xF0, 0x00, 0x00, 0x00, 0x00,
0x00, 0x00, 0x00, 0x00, 0x00, 0x00, 0x00, 0x7C, 0xFF, 0xF0, 0x00, 0x00, 0x00, 0x00, 0x00, 0x00,
0x00, 0x00, 0x00, 0x00, 0x00, 0x7C, 0xFF, 0xF0, 0x00, 0x00, 0x00, 0x00, 0x00, 0x00, 0x00, 0x00,
0x00, 0x00, 0x00, 0x7C, 0xFF, 0xF0, 0x00, 0x00, 0x00, 0x00, 0x00, 0x00, 0x00, 0x00, 0x00, 0x00,
0x00, 0x7C, 0xFF, 0xF0, 0x00, 0x00, 0x00, 0x00, 0x00, 0x00, 0x00, 0x00, 0x00, 0x00, 0x00, 0x7C,
0xFF, 0xF0, 0x00, 0x00, 0x00, 0x00, 0x00, 0x00, 0x00, 0x00, 0x00, 0x00, 0x00, 0x7C, 0xFF, 0xF0,
0x00, 0x00, 0x00, 0x00, 0x00, 0x00, 0x00, 0x00, 0x00, 0x00, 0x00, 0x7C, 0xFF, 0xF0, 0x00, 0x00,
0x00, 0x00, 0x00, 0x00, 0x00, 0x00, 0x00, 0x00, 0x00, 0x7C, 0xFF, 0xF0, 0x00, 0x00, 0x00, 0x00,
0x00, 0x00, 0x00, 0x00, 0x00, 0x00, 0x3C, 0xA9, 0xE1, 0xF3, 0xE1, 0xBE, 0xBC, 0xBC, 0xBC, 0xBC,
0x34, 0x00, 0x00, 0x7D, 0xFE, 0xFF, 0xFB, 0xDC, 0xF9, 0xFF, 0xFF, 0xFF, 0xFF, 0xFF, 0x48, 0x00,
0x44, 0xFF, 0xFF, 0x9D, 0x0B, 0x00, 0x0A, 0x95, 0xFF, 0xFF, 0x70, 0x38, 0x0F, 0x00, 0xAB, 0xFF,
0xD7, 0x03, 0x00, 0x00, 0x00, 0x02, 0xD2, 0xFF, 0xA9, 0x00, 0x00, 0x00, 0xD4, 0xFF, 0x99, 0x00,
0x00, 0x00, 0x00, 0x00, 0x96, 0xFF, 0xD4, 0x00, 0x00, 0x00, 0xCE, 0xFF, 0xAE, 0x00, 0x00, 0x00,
0x00, 0x00, 0xAC, 0xFF, 0xC9, 0x00, 0x00, 0x00, 0x8B, 0xFF, 0xF7, 0x28, 0x00, 0x00, 0x00, 0x27,
0xF8, 0xFF, 0x84, 0x00, 0x00, 0x00, 0x13, 0xED, 0xFF, 0xEE, 0x7F, 0x57, 0x7E, 0xEE, 0xFF, 0xE1,
0x11, 0x00, 0x00, 0x00, 0x4D, 0xFF, 0xF8, 0xFF, 0xFF, 0xFF, 0xFF, 0xFF, 0xC0, 0x20, 0x00, 0x00,
0x00, 0x03, 0xE3, 0xFF, 0x58, 0x2F, 0x61, 0x76, 0x66, 0x2D, 0x00, 0x00, 0x00, 0x00, 0x00, 0x25,
0xFF, 0xFF, 0x2D, 0x00, 0x00, 0x00, 0x00, 0x00, 0x00, 0x00, 0x00, 0x00, 0x00, 0x12, 0xFB, 0xFF,
0xDC, 0x80, 0x6A, 0x60, 0x56, 0x48, 0x28, 0x06, 0x00, 0x00, 0x00, 0x00, 0x72, 0xFC, 0xFF, 0xFF,
0xFF, 0xFF, 0xFF, 0xFF, 0xFF, 0xF4, 0x96, 0x0B, 0x00, 0x00, 0x6A, 0xFC, 0xFD, 0xAC, 0xAB, 0xB4,
0xBC, 0xD4, 0xF9, 0xFF, 0xFF, 0xB1, 0x00, 0x3F, 0xFE, 0xFF, 0x5E, 0x00, 0x00, 0x00, 0x00, 0x00,
0x11, 0xBB, 0xFF, 0xFF, 0x1D, 0xA0, 0xFF, 0xE2, 0x00, 0x00, 0x00, 0x00, 0x00, 0x00, 0x00, 0x63,
0xFF, 0xFF, 0x2D, 0xAD, 0xFF, 0xEA, 0x07, 0x00, 0x00, 0x00, 0x00, 0x00, 0x00, 0xAC, 0xFF, 0xF1,
0x08, 0x65, 0xFF, 0xFF, 0xCA, 0x69, 0x3B, 0x2C, 0x34, 0x5D, 0xBD, 0xFF, 0xFF, 0x70, 0x00, 0x01,
0x8C, 0xFB, 0xFF, 0xFF, 0xFF, 0xFF, 0xFF, 0xFF, 0xFF, 0xF0, 0x6B, 0x00, 0x00, 0x00, 0x00, 0x1E,
0x6E, 0x9E, 0xB5, 0xBC, 0xB1, 0x93, 0x5A, 0x0C, 0x00, 0x00, 0x00, 0x41, 0x50, 0x2D, 0x00, 0x00,
0x00, 0x00, 0x00, 0x00, 0x00, 0x00, 0x00, 0xD0, 0xFF, 0x90, 0x00, 0x00, 0x00, 0x00, 0x00, 0x00,
0x00, 0x00, 0x00, 0xD0, 0xFF, 0x90, 0x00, 0x00, 0x00, 0x00, 0x00, 0x00, 0x00, 0x00, 0x00, 0xD0,
0xFF, 0x90, 0x00, 0x00, 0x00, 0x00, 0x00, 0x00, 0x00, 0x00, 0x00, 0xD0, 0xFF, 0x90, 0x00, 0x00,
0x00, 0x00, 0x00, 0x00, 0x00, 0x00, 0x00, 0xD0, 0xFF, 0x90, 0x00, 0x00, 0x00, 0x00, 0x00, 0x00,
0x00, 0x00, 0x00, 0xD0, 0xFF, 0x8D, 0x00, 0x4F, 0xBD, 0xEB, 0xEB, 0xB6, 0x39, 0x00, 0x00, 0xD0,
0xFF, 0x85, 0x93, 0xFF, 0xFF, 0xFF, 0xFF, 0xFF, 0xFA, 0x40, 0x00, 0xD0, 0xFF, 0xE9, 0xFF, 0xDA,
0x51, 0x1F, 0x57, 0xF0, 0xFF, 0xCA, 0x00, 0xD0, 0xFF, 0xFF, 0xC8, 0x12, 0x00, 0x00, 0x00, 0x78,
0xFF, 0xFF, 0x12, 0xD0, 0xFF, 0xD8, 0x11, 0x00, 0x00, 0x00, 0x00, 0x3D, 0xFF, 0xFF, 0x2F, 0xD0,
0xFF, 0x90, 0x00, 0x00, 0x00, 0x00, 0x00, 0x28, 0xFF, 0xFF, 0x37, 0xD0, 0xFF, 0x90, 0x00, 0x00,
0x00, 0x00, 0x00, 0x28, 0xFF, 0xFF, 0x38, 0xD0, 0xFF, 0x90, 0x00, 0x00, 0x00, 0x00, 0x00, 0x28,
0xFF, 0xFF, 0x38, 0xD0, 0xFF, 0x90, 0x00, 0x00, 0x00, 0x00, 0x00, 0x28, 0xFF, 0xFF, 0x38, 0xD0,
0xFF, 0x90, 0x00, 0x00, 0x00, 0x00, 0x00, 0x28, 0xFF, 0xFF, 0x38, 0xD0, 0xFF, 0x90, 0x00, 0x00,
0x00, 0x00, 0x00, 0x28, 0xFF, 0xFF, 0x38, 0xD0, 0xFF, 0x90, 0x00, 0x00, 0x00, 0x00, 0x00, 0x28,
0xFF, 0xFF, 0x38, 0xD0, 0xFF, 0x90, 0x00, 0x00, 0x00, 0x00, 0x00, 0x28, 0xFF, 0xFF, 0x38, 0xD0,
0xFF, 0x90, 0x00, 0x00, 0x00, 0x00, 0x00, 0x28, 0xFF, 0xFF, 0x38, 0x00, 0x00, 0x00, 0x00, 0x1A,
0x6D, 0x41, 0x00, 0x00, 0x00, 0x00, 0x00, 0x00, 0x00, 0x00, 0x05, 0xDF, 0xFF, 0xFF, 0x49, 0x00,
0x00, 0x00, 0x00, 0x00, 0x00, 0x00, 0x1F, 0xFF, 0xFF, 0xFF, 0x85, 0x00, 0x00, 0x00, 0x00, 0x00,
0x00, 0x00, 0x01, 0xBD, 0xFF, 0xF3, 0x2F, 0x00, 0x00, 0x00, 0x00, 0x00, 0x00, 0x00, 0x00, 0x04,
0x36, 0x15, 0x00, 0x00, 0x00, 0x00, 0x00, 0x00, 0x00, 0x00, 0x00, 0x00, 0x00, 0x00, 0x00, 0x00,
0x00, 0x00, 0x00, 0x26, 0xBC, 0xBC, 0xBC, 0xBC, 0xBC, 0xBC, 0x31, 0x00, 0x00, 0x00, 0x00, 0x34,
0xFF, 0xFF, 0xFF, 0xFF, 0xFF, 0xFF, 0x44, 0x00, 0x00, 0x00, 0x00, 0x0C, 0x3C, 0x3C, 0x3C, 0x57,
0xFF, 0xFF, 0x44, 0x00, 0x00, 0x00, 0x00, 0x00, 0x00, 0x00, 0x00, 0x24, 0xFF, 0xFF, 0x44, 0x00,
0x00, 0x00, 0x00, 0x00, 0x00, 0x00, 0x00, 0x24, 0xFF, 0xFF, 0x44, 0x00, 0x00, 0x00, 0x00, 0x00,
0x00, 0x00, 0x00, 0x24, 0xFF, 0xFF, 0x44, 0x00, 0x00, 0x00, 0x00, 0x00, 0x00, 0x00, 0x00, 0x24,
0xFF, 0xFF, 0x44, 0x00, 0x00, 0x00, 0x00, 0x00, 0x00, 0x00, 0x00, 0x24, 0xFF, 0xFF, 0x44, 0x00,
0x00, 0x00, 0x00, 0x00, 0x00, 0x00, 0x00, 0x24, 0xFF, 0xFF, 0x44, 0x00, 0x00, 0x00, 0x00, 0x00,
0x00, 0x00, 0x00, 0x24, 0xFF, 0xFF, 0x44, 0x00, 0x00, 0x00, 0x00, 0x00, 0x00, 0x00, 0x00, 0x24,
0xFF, 0xFF, 0x44, 0x00, 0x00, 0x00, 0x00, 0x00, 0x00, 0x00, 0x00, 0x24, 0xFF, 0xFF, 0x44, 0x00,
0x00, 0x00, 0x00, 0xA1, 0xFC, 0xFC, 0xFC, 0xFC, 0xFF, 0xFF, 0xFD, 0xFC, 0xFC, 0xFC, 0x5A, 0xA4,
0xFF, 0xFF, 0xFF, 0xFF, 0xFF, 0xFF, 0xFF, 0xFF, 0xFF, 0xFF, 0x5C, 0x00, 0x00, 0x00, 0x00, 0x00,
0x00, 0x00, 0x03, 0x5A, 0x62, 0x06, 0x00, 0x00, 0x00, 0x00, 0x00, 0x00, 0x00, 0x8B, 0xFF, 0xFF,
0xA3, 0x00, 0x00, 0x00, 0x00, 0x00, 0x00, 0x00, 0xC7, 0xFF, 0xFF, 0xDE, 0x00, 0x00, 0x00, 0x00,
0x00, 0x00, 0x00, 0x67, 0xFE, 0xFF, 0x7D, 0x00, 0x00, 0x00, 0x00, 0x00, 0x00, 0x00, 0x00, 0x24,
0x2A, 0x00, 0x00, 0x00, 0x00, 0x00, 0x00, 0x00, 0x00, 0x00, 0x00, 0x00, 0x00, 0x00, 0x78, 0xBC,
0xBC, 0xBC, 0xBC, 0xBC, 0xBC, 0xBC, 0xBC, 0x5B, 0x00, 0xA4, 0xFF, 0xFF, 0xFF, 0xFF, 0xFF, 0xFF,
0xFF, 0xFF, 0x7C, 0x00, 0x26, 0x3C, 0x3C, 0x3C, 0x3C, 0x3C, 0x3C, 0xF0, 0xFF, 0x7C, 0x00, 0x00,
0x00, 0x00, 0x00, 0x00, 0x00, 0x00, 0xEC, 0xFF, 0x7C, 0x00, 0x00, 0x00, 0x00, 0x00, 0x00, 0x00,
0x00, 0xEC, 0xFF, 0x7C, 0x00, 0x00, 0x00, 0x00, 0x00, 0x00, 0x00, 0x00, 0xEC, 0xFF, 0x7C, 0x00,
0x00, 0x00, 0x00, 0x00, 0x00, 0x00, 0x00, 0xEC, 0xFF, 0x7C, 0x00, 0x00, 0x00, 0x00, 0x00, 0x00,
0x00, 0x00, 0xEC, 0xFF, 0x7C, 0x00, 0x00, 0x00, 0x00, 0x00, 0x00, 0x00, 0x00, 0xEC, 0xFF, 0x7C,
0x00, 0x00, 0x00, 0x00, 0x00, 0x00, 0x00, 0x00, 0xEC, 0xFF, 0x7C, 0x00, 0x00, 0x00, 0x00, 0x00,
0x00, 0x00, 0x00, 0xEC, 0xFF, 0x7C, 0x00, 0x00, 0x00, 0x00, 0x00, 0x00, 0x00, 0x00, 0xEC, 0xFF,
0x7C, 0x00, 0x00, 0x00, 0x00, 0x00, 0x00, 0x00, 0x00, 0xEC, 0xFF, 0x7C, 0x00, 0x00, 0x00, 0x00,
0x00, 0x00, 0x00, 0x00, 0xEC, 0xFF, 0x7B, 0x00, 0x00, 0x00, 0x00, 0x00, 0x00, 0x00, 0x05, 0xFD,
0xFF, 0x6D, 0x00, 0x00, 0x00, 0x00, 0x00, 0x00, 0x00, 0x31, 0xFF, 0xFF, 0x48, 0x09, 0x04, 0x00,
0x00, 0x00, 0x00, 0x03, 0xB3, 0xFF, 0xEE, 0x0B, 0x34, 0xE6, 0x98, 0x63, 0x4D, 0x69, 0xC6, 0xFF,
0xFF, 0x6F, 0x00, 0x34, 0xFF, 0xFF, 0xFF, 0xFF, 0xFF, 0xFF, 0xFC, 0x81, 0x00, 0x00, 0x04, 0x42,
0x88, 0xA8, 0xBA, 0xAC, 0x7D, 0x23, 0x00, 0x00, 0x00, 0x29, 0x50, 0x46, 0x00, 0x00, 0x00, 0x00,
0x00, 0x00, 0x00, 0x00, 0x00, 0x00, 0x84, 0xFF, 0xE0, 0x00, 0x00, 0x00, 0x00, 0x00, 0x00, 0x00,
0x00, 0x00, 0x00, 0x84, 0xFF, 0xE0, 0x00, 0x00, 0x00, 0x00, 0x00, 0x00, 0x00, 0x00, 0x00, 0x00,
0x84, 0xFF, 0xE0, 0x00, 0x00, 0x00, 0x00, 0x00, 0x00, 0x00, 0x00, 0x00, 0x00, 0x84, 0xFF, 0xE0,
0x00, 0x00, 0x00, 0x00, 0x00, 0x00, 0x00, 0x00, 0x00, 0x00, 0x84, 0xFF, 0xE0, 0x00, 0x00, 0x00,
0x00, 0x00, 0x00, 0x00, 0x00, 0x00, 0x00, 0x84, 0xFF, 0xE0, 0x00, 0x00, 0x00, 0x00, 0x00, 0x3D,
0xBB, 0xBC, 0x92, 0x03, 0x84, 0xFF, 0xE0, 0x00, 0x00, 0x00, 0x00, 0x3A, 0xF3, 0xFF, 0xD4, 0x16,
0x00, 0x84, 0xFF, 0xE0, 0x00, 0x00, 0x00, 0x37, 0xF1, 0xFF, 0xD1, 0x15, 0x00, 0x00, 0x84, 0xFF,
0xE0, 0x00, 0x00, 0x33, 0xF0, 0xFF, 0xCF, 0x13, 0x00, 0x00, 0x00, 0x84, 0xFF, 0xE0, 0x00, 0x30,
0xEE, 0xFF, 0xCD, 0x12, 0x00, 0x00, 0x00, 0x00, 0x84, 0xFF, 0xE0, 0x2D, 0xEB, 0xFF, 0xCB, 0x11,
0x00, 0x00, 0x00, 0x00, 0x00, 0x84, 0xFF, 0xE7, 0xE4, 0xFF, 0xED, 0x10, 0x00, 0x00, 0x00, 0x00,
0x00, 0x00, 0x84, 0xFF, 0xE0, 0x61, 0xFF, 0xFF, 0x8C, 0x00, 0x00, 0x00, 0x00, 0x00, 0x00, 0x84,
0xFF, 0xE0, 0x00, 0x83, 0xFF, 0xFF, 0x78, 0x00, 0x00, 0x00, 0x00, 0x00, 0x84, 0xFF, 0xE0, 0x00,
0x00, 0xA4, 0xFF, 0xFF, 0x64, 0x00, 0x00, 0x00, 0x00, 0x84, 0xFF, 0xE0, 0x00, 0x00, 0x06, 0xBF,
0xFF, 0xFC, 0x52, 0x00, 0x00, 0x00, 0x84, 0xFF, 0xE0, 0x00, 0x00, 0x00, 0x11, 0xD7, 0xFF, 0xF8,
0x42, 0x00, 0x00, 0x84, 0xFF, 0xE0, 0x00, 0x00, 0x00, 0x00, 0x20, 0xE8, 0xFF, 0xF2, 0x33, 0x00,
0x84, 0xFF, 0xE0, 0x00, 0x00, 0x00, 0x00, 0x00, 0x35, 0xF5, 0xFF, 0xEA, 0x27, 0x10, 0x50, 0x50,
0x50, 0x50, 0x50, 0x50, 0x15, 0x00, 0x00, 0x00, 0x00, 0x34, 0xFF, 0xFF, 0xFF, 0xFF, 0xFF, 0xFF,
0x44, 0x00, 0x00, 0x00, 0x00, 0x21, 0xA4, 0xA4, 0xA4, 0xB0, 0xFF, 0xFF, 0x44, 0x00, 0x00, 0x00,
0x00, 0x00, 0x00, 0x00, 0x00, 0x24, 0xFF, 0xFF, 0x44, 0x00, 0x00, 0x00, 0x00, 0x00, 0x00, 0x00,
0x00, 0x24, 0xFF, 0xFF, 0x44, 0x00, 0x00, 0x00, 0x00, 0x00, 0x00, 0x00, 0x00, 0x24, 0xFF, 0xFF,
0x44, 0x00, 0x00, 0x00, 0x00, 0x00, 0x00, 0x00, 0x00, 0x24, 0xFF, 0xFF, 0x44, 0x00, 0x00, 0x00,
0x00, 0x00, 0x00, 0x00, 0x00, 0x24, 0xFF, 0xFF, 0x44, 0x00, 0x00, 0x00, 0x00, 0x00, 0x00, 0x00,
0x00, 0x24, 0xFF, 0xFF, 0x44, 0x00, 0x00, 0x00, 0x00, 0x00, 0x00, 0x00, 0x00, 0x24, 0xFF, 0xFF,
0x44, 0x00, 0x00, 0x00, 0x00, 0x00, 0x00, 0x00, 0x00, 0x24, 0xFF, 0xFF, 0x44, 0x00, 0x00, 0x00,
0x00, 0x00, 0x00, 0x00, 0x00, 0x24, 0xFF, 0xFF, 0x44, 0x00, 0x00, 0x00, 0x00, 0x00, 0x00, 0x00,
0x00, 0x24, 0xFF, 0xFF, 0x44, 0x00, 0x00, 0x00, 0x00, 0x00, 0x00, 0x00, 0x00, 0x24, 0xFF, 0xFF,
0x44, 0x00, 0x00, 0x00, 0x00, 0x00, 0x00, 0x00, 0x00, 0x24, 0xFF, 0xFF, 0x44, 0x00, 0x00, 0x00,
0x00, 0x00, 0x00, 0x00, 0x00, 0x24, 0xFF, 0xFF, 0x44, 0x00, 0x00, 0x00, 0x00, 0x00, 0x00, 0x00,
0x00, 0x24, 0xFF, 0xFF, 0x44, 0x00, 0x00, 0x00, 0x00, 0x00, 0x00, 0x00, 0x00, 0x24, 0xFF, 0xFF,
0x44, 0x00, 0x00, 0x00, 0x00, 0xA1, 0xFC, 0xFC, 0xFC, 0xFC, 0xFF, 0xFF, 0xFD, 0xFC, 0xFC, 0xFC,
0x5A, 0xA4, 0xFF, 0xFF, 0xFF, 0xFF, 0xFF, 0xFF, 0xFF, 0xFF, 0xFF, 0xFF, 0x5C, 0x8F, 0xBC, 0x0B,
0x41, 0xD3, 0xE7, 0x84, 0x00, 0x14, 0xAC, 0xEA, 0xBC, 0x1C, 0x00, 0xC4, 0xFF, 0x3A, 0xF2, 0xFF,
0xFF, 0xFF, 0x35, 0xBA, 0xFF, 0xFF, 0xFF, 0xB5, 0x00, 0xC4, 0xFF, 0xC7, 0xDD, 0x22, 0xA8, 0xFF,
0xB1, 0xFF, 0x60, 0x4B, 0xFF, 0xFC, 0x07, 0xC4, 0xFF, 0xFF, 0x46, 0x00, 0x6C, 0xFF, 0xFF, 0xA6,
0x00, 0x0E, 0xFF, 0xFF, 0x1F, 0xC4, 0xFF, 0xC0, 0x00, 0x00, 0x64, 0xFF, 0xFB, 0x23, 0x00, 0x04,
0xFF, 0xFF, 0x2C, 0xC4, 0xFF, 0x6E, 0x00, 0x00, 0x64, 0xFF, 0xCA, 0x00, 0x00, 0x04, 0xFF, 0xFF,
0x2C, 0xC4, 0xFF, 0x6C, 0x00, 0x00, 0x64, 0xFF, 0xC8, 0x00, 0x00, 0x04, 0xFF, 0xFF, 0x2C, 0xC4,
0xFF, 0x6C, 0x00, 0x00, 0x64, 0xFF, 0xC8, 0x00, 0x00, 0x04, 0xFF, 0xFF, 0x2C, 0xC4, 0xFF, 0x6C,
0x00, 0x00, 0x64, 0xFF, 0xC8, 0x00, 0x00, 0x04, 0xFF, 0xFF, 0x2C, 0xC4, 0xFF, 0x6C, 0x00, 0x00,
0x64, 0xFF, 0xC8, 0x00, 0x00, 0x04, 0xFF, 0xFF, 0x2C, 0xC4, 0xFF, 0x6C, 0x00, 0x00, 0x64, 0xFF,
0xC8, 0x00, 0x00, 0x04, 0xFF, 0xFF, 0x2C, 0xC4, 0xFF, 0x6C, 0x00, 0x00, 0x64, 0xFF, 0xC8, 0x00,
0x00, 0x04, 0xFF, 0xFF, 0x2C, 0xC4, 0xFF, 0x6C, 0x00, 0x00, 0x64, 0xFF, 0xC8, 0x00, 0x00, 0x04,
0xFF, 0xFF, 0x2C, 0xC4, 0xFF, 0x6C, 0x00, 0x00, 0x64, 0xFF, 0xC8, 0x00, 0x00, 0x04, 0xFF, 0xFF,
0x2C, 0x98, 0xBC, 0x3D, 0x00, 0x52, 0xBD, 0xEB, 0xEC, 0xB9, 0x3F, 0x00, 0x00, 0xD0, 0xFF, 0x5E,
0x98, 0xFF, 0xFF, 0xFF, 0xFF, 0xFF, 0xFB, 0x45, 0x00, 0xD0, 0xFF, 0xE1, 0xFF, 0xD3, 0x4C, 0x1F,
0x5A, 0xF0, 0xFF, 0xCD, 0x00, 0xD0, 0xFF, 0xFF, 0xC0, 0x0D, 0x00, 0x00, 0x00, 0x78, 0xFF, 0xFF,
0x13, 0xD0, 0xFF, 0xD6, 0x0E, 0x00, 0x00, 0x00, 0x00, 0x3D, 0xFF, 0xFF, 0x2F, 0xD0, 0xFF, 0x90,
0x00, 0x00, 0x00, 0x00, 0x00, 0x28, 0xFF, 0xFF, 0x37, 0xD0, 0xFF, 0x90, 0x00, 0x00, 0x00, 0x00,
0x00, 0x28, 0xFF, 0xFF, 0x38, 0xD0, 0xFF, 0x90, 0x00, 0x00, 0x00, 0x00, 0x00, 0x28, 0xFF, 0xFF,
0x38, 0xD0, 0xFF, 0x90, 0x00, 0x00, 0x00, 0x00, 0x00, 0x28, 0xFF, 0xFF, 0x38, 0xD0, 0xFF, 0x90,
0x00, 0x00, 0x00, 0x00, 0x00, 0x28, 0xFF, 0xFF, 0x38, 0xD0, 0xFF, 0x90, 0x00, 0x00, 0x00, 0x00,
0x00, 0x28, 0xFF, 0xFF, 0x38, 0xD0, 0xFF, 0x90, 0x00, 0x00, 0x00, 0x00, 0x00, 0x28, 0xFF, 0xFF,
0x38, 0xD0, 0xFF, 0x90, 0x00, 0x00, 0x00, 0x00, 0x00, 0x28, 0xFF, 0xFF, 0x38, 0xD0, 0xFF, 0x90,
0x00, 0x00, 0x00, 0x00, 0x00, 0x28, 0xFF, 0xFF, 0x38, 0x00, 0x00, 0x00, 0x23, 0x90, 0xD4, 0xEF,
0xE9, 0xC6, 0x7A, 0x0E, 0x00, 0x00, 0x00, 0x00, 0x00, 0x6A, 0xFA, 0xFF, 0xFF, 0xFF, 0xFF, 0xFF,
0xFF, 0xE5, 0x2F, 0x00, 0x00, 0x00, 0x55, 0xFF, 0xFF, 0xB9, 0x3D, 0x13, 0x24, 0x79, 0xF5, 0xFF,
0xE2, 0x10, 0x00, 0x07, 0xE7, 0xFF, 0xBA, 0x02, 0x00, 0x00, 0x00, 0x00, 0x4A, 0xFF, 0xFF, 0x7A,
0x00, 0x54, 0xFF, 0xFF, 0x38, 0x00, 0x00, 0x00, 0x00, 0x00, 0x00, 0xBE, 0xFF, 0xD0, 0x00, 0x92,
0xFF, 0xE0, 0x00, 0x00, 0x00, 0x00, 0x00, 0x00, 0x00, 0x75, 0xFF, 0xFD, 0x07, 0xAF, 0xFF, 0xC2,
0x00, 0x00, 0x00, 0x00, 0x00, 0x00, 0x00, 0x56, 0xFF, 0xFF, 0x1A, 0xB6, 0xFF, 0xB5, 0x00, 0x00,
0x00, 0x00, 0x00, 0x00, 0x00, 0x57, 0xFF, 0xFF, 0x1A, 0xA5, 0xFF, 0xCC, 0x00, 0x00, 0x00, 0x00,
0x00, 0x00, 0x00, 0x76, 0xFF, 0xFC, 0x07, 0x7A, 0xFF, 0xF8, 0x0E, 0x00, 0x00, 0x00, 0x00, 0x00,
0x00, 0xAB, 0xFF, 0xCC, 0x00, 0x30, 0xFF, 0xFF, 0x79, 0x00, 0x00, 0x00, 0x00, 0x00, 0x28, 0xFA,
0xFF, 0x73, 0x00, 0x00, 0xB6, 0xFF, 0xFB, 0x69, 0x03, 0x00, 0x00, 0x34, 0xDD, 0xFF, 0xDE, 0x0C,
0x00, 0x00, 0x19, 0xDA, 0xFF, 0xFF, 0xED, 0xCA, 0xDC, 0xFF, 0xFF, 0xE8, 0x30, 0x00, 0x00, 0x00,
0x00, 0x12, 0x94, 0xF1, 0xFF, 0xFF, 0xFF, 0xF2, 0x9C, 0x19, 0x00, 0x00, 0x00, 0x00, 0x00, 0x00,
0x00, 0x04, 0x29, 0x3A, 0x2A, 0x06, 0x00, 0x00, 0x00, 0x00, 0x00, 0x98, 0xBC, 0x3E, 0x00, 0x49,
0xB3, 0xE5, 0xED, 0xBD, 0x43, 0x00, 0x00, 0xD0, 0xFF, 0x63, 0x90, 0xFF, 0xFF, 0xFF, 0xFF, 0xFF,
0xFE, 0x5C, 0x00, 0xD0, 0xFF, 0xD9, 0xFF, 0xE5, 0x64, 0x27, 0x48, 0xDE, 0xFF, 0xF1, 0x14, 0xD0,
0xFF, 0xFF, 0xD0, 0x19, 0x00, 0x00, 0x00, 0x31, 0xFF, 0xFF, 0x6D, 0xD0, 0xFF, 0xE0, 0x16, 0x00,
0x00, 0x00, 0x00, 0x00, 0xCC, 0xFF, 0xAF, 0xD0, 0xFF, 0x90, 0x00, 0x00, 0x00, 0x00, 0x00, 0x00,
0xA2, 0xFF, 0xD6, 0xD0, 0xFF, 0x90, 0x00, 0x00, 0x00, 0x00, 0x00, 0x00, 0x8E, 0xFF, 0xE6, 0xD0,
0xFF, 0x90, 0x00, 0x00, 0x00, 0x00, 0x00, 0x00, 0x8C, 0xFF, 0xDF, 0xD0, 0xFF, 0x90, 0x00, 0x00,
0x00, 0x00, 0x00, 0x00, 0xA4, 0xFF, 0xC9, 0xD0, 0xFF, 0x90, 0x00, 0x00, 0x00, 0x00, 0x00, 0x01,
0xDE, 0xFF, 0x8F, 0xD0, 0xFF, 0x90, 0x00, 0x00, 0x00, 0x00, 0x00, 0x55, 0xFF, 0xFF, 0x35, 0xD0,
0xFF, 0xB0, 0x13, 0x00, 0x00, 0x01, 0x55, 0xF3, 0xFF, 0xA5, 0x00, 0xD0, 0xFF, 0xFF, 0xFC, 0xDC,
0xC9, 0xE9, 0xFF, 0xFF, 0xBC, 0x0B, 0x00, 0xD0, 0xFF, 0xF5, 0xFD, 0xFF, 0xFF, 0xFE, 0xD0, 0x67,
0x03, 0x00, 0x00, 0xD0, 0xFF, 0x90, 0x0B, 0x24, 0x25, 0x0D, 0x00, 0x00, 0x00, 0x00, 0x00, 0xD0,
0xFF, 0x90, 0x00, 0x00, 0x00, 0x00, 0x00, 0x00, 0x00, 0x00, 0x00, 0xD0, 0xFF, 0x90, 0x00, 0x00,
0x00, 0x00, 0x00, 0x00, 0x00, 0x00, 0x00, 0xD0, 0xFF, 0x90, 0x00, 0x00, 0x00, 0x00, 0x00, 0x00,
0x00, 0x00, 0x00, 0xD0, 0xFF, 0x90, 0x00, 0x00, 0x00, 0x00, 0x00, 0x00, 0x00, 0x00, 0x00, 0x7E,
0x9C, 0x57, 0x00, 0x00, 0x00, 0x00, 0x00, 0x00, 0x00, 0x00, 0x00, 0x00, 0x00, 0x00, 0x08, 0x66,
0xB3, 0xD3, 0xDC, 0xC5, 0x8F, 0x8E, 0xCE, 0x22, 0x00, 0x00, 0x30, 0xDE, 0xFF, 0xFF, 0xFF, 0xFF,
0xFF, 0xFF, 0xFF, 0xFF, 0x24, 0x00, 0x1C, 0xED, 0xFF, 0xD4, 0x52, 0x19, 0x19, 0x3F, 0xA3, 0xFF,
0xFF, 0x24, 0x00, 0xA8, 0xFF, 0xDB, 0x0F, 0x00, 0x00, 0x00, 0x00, 0x40, 0xFF, 0xFF, 0x24, 0x14,
0xFB, 0xFF, 0x5E, 0x00, 0x00, 0x00, 0x00, 0x00, 0x40, 0xFF, 0xFF, 0x24, 0x50, 0xFF, 0xFF, 0x17,
0x00, 0x00, 0x00, 0x00, 0x00, 0x40, 0xFF, 0xFF, 0x24, 0x74, 0xFF, 0xF6, 0x00, 0x00, 0x00, 0x00,
0x00, 0x00, 0x40, 0xFF, 0xFF, 0x24, 0x80, 0xFF, 0xF1, 0x00, 0x00, 0x00, 0x00, 0x00, 0x00, 0x40,
0xFF, 0xFF, 0x24, 0x75, 0xFF, 0xFF, 0x06, 0x00, 0x00, 0x00, 0x00, 0x00, 0x40, 0xFF, 0xFF, 0x24,
0x56, 0xFF, 0xFF, 0x24, 0x00, 0x00, 0x00, 0x00, 0x00, 0xA0, 0xFF, 0xFF, 0x24, 0x1F, 0xFF, 0xFF,
0x72, 0x00, 0x00, 0x00, 0x00, 0x75, 0xFF, 0xFF, 0xFF, 0x24, 0x00, 0xC3, 0xFF, 0xED, 0x2E, 0x00,
0x09, 0x8A, 0xFF, 0xE4, 0xFF, 0xFF, 0x24, 0x00, 0x37, 0xF9, 0xFF, 0xFD, 0xD6, 0xF3, 0xFF, 0xE1,
0x48, 0xFF, 0xFF, 0x24, 0x00, 0x00, 0x47, 0xE1, 0xFF, 0xFF, 0xFB, 0xA7, 0x15, 0x36, 0xFF, 0xFF,
0x24, 0x00, 0x00, 0x00, 0x02, 0x2B, 0x35, 0x11, 0x00, 0x00, 0x3F, 0xFF, 0xFF, 0x24, 0x00, 0x00,
0x00, 0x00, 0x00, 0x00, 0x00, 0x00, 0x00, 0x40, 0xFF, 0xFF, 0x24, 0x00, 0x00, 0x00, 0x00, 0x00,
0x00, 0x00, 0x00, 0x00, 0x40, 0xFF, 0xFF, 0x24, 0x00, 0x00, 0x00, 0x00, 0x00, 0x00, 0x00, 0x00,
0x00, 0x40, 0xFF, 0xFF, 0x24, 0x00, 0x00, 0x00, 0x00, 0x00, 0x00, 0x00, 0x00, 0x00, 0x40, 0xFF,
0xFF, 0x24, 0x00, 0x00, 0x00, 0x00, 0x00, 0x00, 0x00, 0x00, 0x00, 0x27, 0x9C, 0x9C, 0x15, 0x2F,
0xBC, 0xAE, 0x00, 0x00, 0x55, 0xBE, 0xEC, 0xE6, 0xA6, 0x23, 0x00, 0x00, 0x40, 0xFF, 0xF3, 0x07,
0xAB, 0xFF, 0xFF, 0xFF, 0xFF, 0xFF, 0xEA, 0x1B, 0x00, 0x40, 0xFF, 0xFA, 0xB4, 0xFF, 0xCA, 0x49,
0x21, 0x6C, 0xFB, 0xFF, 0x96, 0x00, 0x40, 0xFF, 0xFF, 0xFF, 0xA7, 0x06, 0x00, 0x00, 0x00, 0xAB,
0xFF, 0xDF, 0x00, 0x40, 0xFF, 0xFF, 0xB5, 0x03, 0x00, 0x00, 0x00, 0x00, 0x74, 0xFF, 0xFE, 0x01,
0x40, 0xFF, 0xFF, 0x2B, 0x00, 0x00, 0x00, 0x00, 0x00, 0x34, 0x84, 0x84, 0x03, 0x40, 0xFF, 0xFF,
0x28, 0x00, 0x00, 0x00, 0x00, 0x00, 0x00, 0x00, 0x00, 0x00, 0x40, 0xFF, 0xFF, 0x28, 0x00, 0x00,
0x00, 0x00, 0x00, 0x00, 0x00, 0x00, 0x00, 0x40, 0xFF, 0xFF, 0x28, 0x00, 0x00, 0x00, 0x00, 0x00,
0x00, 0x00, 0x00, 0x00, 0x40, 0xFF, 0xFF, 0x28, 0x00, 0x00, 0x00, 0x00, 0x00, 0x00, 0x00, 0x00,
0x00, 0x40, 0xFF, 0xFF, 0x28, 0x00, 0x00, 0x00, 0x00, 0x00, 0x00, 0x00, 0x00, 0x00, 0x40, 0xFF,
0xFF, 0x28, 0x00, 0x00, 0x00, 0x00, 0x00, 0x00, 0x00, 0x00, 0x00, 0x40, 0xFF, 0xFF, 0x28, 0x00,
0x00, 0x00, 0x00, 0x00, 0x00, 0x00, 0x00, 0x00, 0x40, 0xFF, 0xFF, 0x28, 0x00, 0x00, 0x00, 0x00,
0x00, 0x00, 0x00, 0x00, 0x00, 0x00, 0x00, 0x1A, 0x85, 0xCB, 0xEA, 0xF3, 0xE7, 0xD0, 0xAB, 0x17,
0x00, 0x00, 0x42, 0xF0, 0xFF, 0xFF, 0xFF, 0xFF, 0xFF, 0xFF, 0xFF, 0x28, 0x00, 0x0A, 0xEA, 0xFF,
0xCA, 0x45, 0x10, 0x09, 0x1B, 0x3B, 0x6C, 0x15, 0x00, 0x45, 0xFF, 0xFF, 0x2B, 0x00, 0x00, 0x00,
0x00, 0x00, 0x00, 0x00, 0x00, 0x43, 0xFF, 0xFF, 0x5A, 0x00, 0x00, 0x00, 0x00, 0x00, 0x00, 0x00,
0x00, 0x08, 0xE0, 0xFF, 0xFA, 0x96, 0x30, 0x00, 0x00, 0x00, 0x00, 0x00, 0x00, 0x00, 0x31, 0xE3,
0xFF, 0xFF, 0xFF, 0xDE, 0x8B, 0x28, 0x00, 0x00, 0x00, 0x00, 0x00, 0x0C, 0x79, 0xD8, 0xFF, 0xFF,
0xFF, 0xFE, 0x9B, 0x08, 0x00, 0x00, 0x00, 0x00, 0x00, 0x00, 0x2E, 0x83, 0xE6, 0xFF, 0xFF, 0x9A,
0x00, 0x00, 0x00, 0x00, 0x00, 0x00, 0x00, 0x00, 0x0A, 0xC2, 0xFF, 0xEE, 0x00, 0x00, 0x00, 0x00,
0x00, 0x00, 0x00, 0x00, 0x00, 0x77, 0xFF, 0xFB, 0x05, 0x36, 0x3D, 0x09, 0x00, 0x00, 0x00, 0x00,
0x26, 0xD8, 0xFF, 0xC7, 0x00, 0x84, 0xFF, 0xFB, 0xE4, 0xD1, 0xC9, 0xDE, 0xFF, 0xFF, 0xEF, 0x32,
0x00, 0x65, 0xE6, 0xFF, 0xFF, 0xFF, 0xFF, 0xFF, 0xF3, 0x9E, 0x20, 0x00, 0x00, 0x00, 0x00, 0x12,
0x29, 0x36, 0x3B, 0x28, 0x03, 0x00, 0x00, 0x00, 0x00, 0x00, 0x00, 0x00, 0x00, 0x00, 0x00, 0x03,
0x01, 0x00, 0x00, 0x00, 0x00, 0x00, 0x00, 0x00, 0x00, 0x00, 0x00, 0x28, 0xB4, 0xF2, 0x14, 0x00,
0x00, 0x00, 0x00, 0x00, 0x00, 0x00, 0x00, 0x00, 0x00, 0x4C, 0xFF, 0xFF, 0x14, 0x00, 0x00, 0x00,
0x00, 0x00, 0x00, 0x00, 0x00, 0x00, 0x00, 0x4C, 0xFF, 0xFF, 0x14, 0x00, 0x00, 0x00, 0x00, 0x00,
0x00, 0x00, 0x00, 0x00, 0x00, 0x4C, 0xFF, 0xFF, 0x14, 0x00, 0x00, 0x00, 0x00, 0x00, 0x00, 0x1A,
0xBC, 0xBC, 0xBC, 0xD0, 0xFF, 0xFF, 0xC1, 0xBC, 0xBC, 0xBC, 0xBC, 0xBC, 0x2F, 0x24, 0xFF, 0xFF,
0xFF, 0xFF, 0xFF, 0xFF, 0xFF, 0xFF, 0xFF, 0xFF, 0xFF, 0xFF, 0x40, 0x09, 0x44, 0x44, 0x44, 0x7B,
0xFF, 0xFF, 0x52, 0x44, 0x44, 0x44, 0x44, 0x44, 0x11, 0x00, 0x00, 0x00, 0x00, 0x4C, 0xFF, 0xFF,
0x14, 0x00, 0x00, 0x00, 0x00, 0x00, 0x00, 0x00, 0x00, 0x00, 0x00, 0x4C, 0xFF, 0xFF, 0x14, 0x00,
0x00, 0x00, 0x00, 0x00, 0x00, 0x00, 0x00, 0x00, 0x00, 0x4C, 0xFF, 0xFF, 0x14, 0x00, 0x00, 0x00,
0x00, 0x00, 0x00, 0x00, 0x00, 0x00, 0x00, 0x4C, 0xFF, 0xFF, 0x14, 0x00, 0x00, 0x00, 0x00, 0x00,
0x00, 0x00, 0x00, 0x00, 0x00, 0x4C, 0xFF, 0xFF, 0x14, 0x00, 0x00, 0x00, 0x00, 0x00, 0x00, 0x00,
0x00, 0x00, 0x00, 0x4C, 0xFF, 0xFF, 0x14, 0x00, 0x00, 0x00, 0x00, 0x00, 0x00, 0x00, 0x00, 0x00,
0x00, 0x49, 0xFF, 0xFF, 0x1F, 0x00, 0x00, 0x00, 0x00, 0x00, 0x00, 0x00, 0x00, 0x00, 0x00, 0x35,
0xFF, 0xFF, 0x52, 0x00, 0x00, 0x00, 0x00, 0x00, 0x00, 0x00, 0x00, 0x00, 0x00, 0x07, 0xF1, 0xFF,
0xDD, 0x31, 0x00, 0x00, 0x00, 0x19, 0x0E, 0x00, 0x00, 0x00, 0x00, 0x00, 0x73, 0xFF, 0xFF, 0xFF,
0xE7, 0xD6, 0xEB, 0xFF, 0x40, 0x00, 0x00, 0x00, 0x00, 0x00, 0x00, 0x64, 0xD9, 0xFF, 0xFF, 0xFF,
0xFF, 0xF1, 0x35, 0x00, 0x00, 0x00, 0x00, 0x00, 0x00, 0x00, 0x00, 0x15, 0x2A, 0x29, 0x1A, 0x00,
0x00, 0x98, 0xBC, 0x69, 0x00, 0x00, 0x00, 0x00, 0x00, 0x1D, 0xBC, 0xBC, 0x29, 0xD0, 0xFF, 0x90,
0x00, 0x00, 0x00, 0x00, 0x00, 0x28, 0xFF, 0xFF, 0x38, 0xD0, 0xFF, 0x90, 0x00, 0x00, 0x00, 0x00,
0x00, 0x28, 0xFF, 0xFF, 0x38, 0xD0, 0xFF, 0x90, 0x00, 0x00, 0x00, 0x00, 0x00, 0x28, 0xFF, 0xFF,
0x38, 0xD0, 0xFF, 0x90, 0x00, 0x00, 0x00, 0x00, 0x00, 0x28, 0xFF, 0xFF, 0x38, 0xD0, 0xFF, 0x90,
0x00, 0x00, 0x00, 0x00, 0x00, 0x28, 0xFF, 0xFF, 0x38, 0xD0, 0xFF, 0x90, 0x00, 0x00, 0x00, 0x00,
0x00, 0x28, 0xFF, 0xFF, 0x38, 0xD0, 0xFF, 0x90, 0x00, 0x00, 0x00, 0x00, 0x00, 0x28, 0xFF, 0xFF,
0x38, 0xD0, 0xFF, 0x90, 0x00, 0x00, 0x00, 0x00, 0x00, 0x28, 0xFF, 0xFF, 0x38, 0xCB, 0xFF, 0x9C,
0x00, 0x00, 0x00, 0x00, 0x00, 0x50, 0xFF, 0xFF, 0x38, 0xB7, 0xFF, 0xC6, 0x00, 0x00, 0x00, 0x00,
0x2D, 0xEE, 0xFF, 0xFF, 0x38, 0x80, 0xFF, 0xFF, 0x56, 0x00, 0x00, 0x4A, 0xEE, 0xF9, 0xFF, 0xFF,
0x38, 0x1C, 0xF2, 0xFF, 0xFF, 0xE1, 0xE2, 0xFF, 0xFA, 0x4F, 0xF8, 0xFF, 0x38, 0x00, 0x3E, 0xDB,
0xFF, 0xFF, 0xFF, 0xCE, 0x37, 0x00, 0xED, 0xFF, 0x38, 0x00, 0x00, 0x01, 0x27, 0x3A, 0x22, 0x00,
0x00, 0x00, 0x00, 0x00, 0x00, 0x02, 0xAF, 0xBC, 0x8B, 0x00, 0x00, 0x00, 0x00, 0x00, 0x00, 0x00,
0x42, 0xBC, 0xBC, 0x2E, 0x00, 0x9D, 0xFF, 0xFA, 0x15, 0x00, 0x00, 0x00, 0x00, 0x00, 0x00, 0xAD,
0xFF, 0xE4, 0x03, 0x00, 0x39, 0xFF, 0xFF, 0x6F, 0x00, 0x00, 0x00, 0x00, 0x00, 0x11, 0xF9, 0xFF,
0x84, 0x00, 0x00, 0x00, 0xD3, 0xFF, 0xCE, 0x00, 0x00, 0x00, 0x00, 0x00, 0x69, 0xFF, 0xFE, 0x21,
0x00, 0x00, 0x00, 0x70, 0xFF, 0xFF, 0x2C, 0x00, 0x00, 0x00, 0x00, 0xC8, 0xFF, 0xBB, 0x00, 0x00,
0x00, 0x00, 0x13, 0xF8, 0xFF, 0x8B, 0x00, 0x00, 0x00, 0x26, 0xFF, 0xFF, 0x57, 0x00, 0x00, 0x00,
0x00, 0x00, 0xA8, 0xFF, 0xE6, 0x03, 0x00, 0x00, 0x84, 0xFF, 0xEC, 0x06, 0x00, 0x00, 0x00, 0x00,
0x00, 0x44, 0xFF, 0xFF, 0x48, 0x00, 0x01, 0xE0, 0xFF, 0x8F, 0x00, 0x00, 0x00, 0x00, 0x00, 0x00,
0x01, 0xDD, 0xFF, 0xA7, 0x00, 0x41, 0xFF, 0xFF, 0x2B, 0x00, 0x00, 0x00, 0x00, 0x00, 0x00, 0x00,
0x7B, 0xFF, 0xF7, 0x0D, 0x9C, 0xFF, 0xC6, 0x00, 0x00, 0x00, 0x00, 0x00, 0x00, 0x00, 0x00, 0x1A,
0xFC, 0xFF, 0x5E, 0xED, 0xFF, 0x62, 0x00, 0x00, 0x00, 0x00, 0x00, 0x00, 0x00, 0x00, 0x00, 0xB3,
0xFF, 0xE5, 0xFF, 0xF2, 0x0B, 0x00, 0x00, 0x00, 0x00, 0x00, 0x00, 0x00, 0x00, 0x00, 0x4F, 0xFF,
0xFF, 0xFF, 0x9A, 0x00, 0x00, 0x00, 0x00, 0x00, 0x00, 0x00, 0x00, 0x00, 0x00, 0x04, 0xE6, 0xFF,
0xFF, 0x36, 0x00, 0x00, 0x00, 0x00, 0x00, 0x54, 0xBC, 0xA4, 0x00, 0x00, 0x00, 0x00, 0x00, 0x00,
0x00, 0x00, 0x00, 0x5D, 0xBC, 0xA0, 0x52, 0xFF, 0xF9, 0x01, 0x00, 0x00, 0x00, 0x00, 0x00, 0x00,
0x00, 0x00, 0x98, 0xFF, 0xB9, 0x2D, 0xFF, 0xFF, 0x1A, 0x00, 0x00, 0x00, 0x00, 0x00, 0x00, 0x00,
0x00, 0xB5, 0xFF, 0x94, 0x09, 0xFE, 0xFF, 0x3A, 0x00, 0x00, 0x13, 0x50, 0x2D, 0x00, 0x00, 0x00,
0xD2, 0xFF, 0x6F, 0x00, 0xE3, 0xFF, 0x5A, 0x00, 0x00, 0x73, 0xFF, 0xCD, 0x00, 0x00, 0x00, 0xEE,
0xFF, 0x49, 0x00, 0xBE, 0xFF, 0x79, 0x00, 0x00, 0xC6, 0xFF, 0xFF, 0x28, 0x00, 0x0B, 0xFF, 0xFF,
0x24, 0x00, 0x99, 0xFF, 0x99, 0x00, 0x1A, 0xFE, 0xFE, 0xFF, 0x82, 0x00, 0x28, 0xFF, 0xFA, 0x04,
0x00, 0x74, 0xFF, 0xB9, 0x00, 0x6C, 0xFF, 0x9E, 0xFF, 0xDC, 0x00, 0x45, 0xFF, 0xD9, 0x00, 0x00,
0x4F, 0xFF, 0xD9, 0x00, 0xBF, 0xFF, 0x22, 0xDD, 0xFF, 0x37, 0x62, 0xFF, 0xB4, 0x00, 0x00, 0x2A,
0xFF, 0xF7, 0x16, 0xFC, 0xCC, 0x00, 0x87, 0xFF, 0x92, 0x7F, 0xFF, 0x8F, 0x00, 0x00, 0x07, 0xFD,
0xFF, 0x7B, 0xFF, 0x77, 0x00, 0x2F, 0xFF, 0xE6, 0x9C, 0xFF, 0x6A, 0x00, 0x00, 0x00, 0xE0, 0xFF,
0xE6, 0xFF, 0x22, 0x00, 0x00, 0xD7, 0xFF, 0xEB, 0xFF, 0x44, 0x00, 0x00, 0x00, 0xBB, 0xFF, 0xFF,
0xCC, 0x00, 0x00, 0x00, 0x80, 0xFF, 0xFF, 0xFF, 0x1F, 0x00, 0x00, 0x00, 0x96, 0xFF, 0xFF, 0x76,
0x00, 0x00, 0x00, 0x28, 0xFF, 0xFF, 0xF8, 0x02, 0x00, 0x62, 0xBC, 0xBC, 0x5E, 0x00, 0x00, 0x00,
0x00, 0x00, 0x01, 0x9C, 0xBC, 0xB4, 0x14, 0x0B, 0xD6, 0xFF, 0xF4, 0x23, 0x00, 0x00, 0x00, 0x00,
0x6D, 0xFF, 0xFF, 0x6B, 0x00, 0x00, 0x2D, 0xF6, 0xFF, 0xC3, 0x02, 0x00, 0x00, 0x23, 0xF4, 0xFF,
0xAB, 0x00, 0x00, 0x00, 0x00, 0x66, 0xFF, 0xFF, 0x75, 0x00, 0x02, 0xC2, 0xFF, 0xDD, 0x0F, 0x00,
0x00, 0x00, 0x00, 0x00, 0xA7, 0xFF, 0xF8, 0x2B, 0x70, 0xFF, 0xF9, 0x33, 0x00, 0x00, 0x00, 0x00,
0x00, 0x00, 0x0D, 0xDB, 0xFF, 0xD5, 0xF6, 0xFF, 0x6D, 0x00, 0x00, 0x00, 0x00, 0x00, 0x00, 0x00,
0x00, 0x32, 0xF9, 0xFF, 0xFF, 0xAD, 0x00, 0x00, 0x00, 0x00, 0x00, 0x00, 0x00, 0x00, 0x00, 0x1B,
0xEC, 0xFF, 0xFF, 0x79, 0x00, 0x00, 0x00, 0x00, 0x00, 0x00, 0x00, 0x00, 0x05, 0xC5, 0xFF, 0xF6,
0xFF, 0xFC, 0x41, 0x00, 0x00, 0x00, 0x00, 0x00, 0x00, 0x00, 0x92, 0xFF, 0xFB, 0x37, 0xC4, 0xFF,
0xEA, 0x1C, 0x00, 0x00, 0x00, 0x00, 0x00, 0x57, 0xFF, 0xFF, 0x7C, 0x00, 0x20, 0xF1, 0xFF, 0xC8,
0x06, 0x00, 0x00, 0x00, 0x29, 0xF3, 0xFF, 0xC5, 0x03, 0x00, 0x00, 0x5D, 0xFF, 0xFF, 0x98, 0x00,
0x00, 0x0C, 0xD6, 0xFF, 0xF2, 0x22, 0x00, 0x00, 0x00, 0x00, 0xA8, 0xFF, 0xFF, 0x61, 0x00, 0xA8,
0xFF, 0xFF, 0x61, 0x00, 0x00, 0x00, 0x00, 0x00, 0x10, 0xE2, 0xFF, 0xF7, 0x33, 0x02, 0xAF, 0xBC,
0x8C, 0x00, 0x00, 0x00, 0x00, 0x00, 0x00, 0x00, 0x41, 0xBC, 0xBC, 0x2F, 0x00, 0x9A, 0xFF, 0xFB,
0x18, 0x00, 0x00, 0x00, 0x00, 0x00, 0x00, 0xA8, 0xFF, 0xE7, 0x04, 0x00, 0x34, 0xFF, 0xFF, 0x76,
0x00, 0x00, 0x00, 0x00, 0x00, 0x0D, 0xF6, 0xFF, 0x8A, 0x00, 0x00, 0x00, 0xCD, 0xFF, 0xD7, 0x00,
0x00, 0x00, 0x00, 0x00, 0x5E, 0xFF, 0xFF, 0x29, 0x00, 0x00, 0x00, 0x68, 0xFF, 0xFF, 0x3A, 0x00,
0x00, 0x00, 0x00, 0xB9, 0xFF, 0xC7, 0x00, 0x00, 0x00, 0x00, 0x0D, 0xF3, 0xFF, 0x9B, 0x00, 0x00,
0x00, 0x17, 0xFC, 0xFF, 0x65, 0x00, 0x00, 0x00, 0x00, 0x00, 0x9B, 0xFF, 0xF2, 0x0A, 0x00, 0x00,
0x6E, 0xFF, 0xF6, 0x0E, 0x00, 0x00, 0x00, 0x00, 0x00, 0x35, 0xFF, 0xFF, 0x5F, 0x00, 0x00, 0xC9,
0xFF, 0xA3, 0x00, 0x00, 0x00, 0x00, 0x00, 0x00, 0x00, 0xCE, 0xFF, 0xC1, 0x00, 0x24, 0xFF, 0xFF,
0x41, 0x00, 0x00, 0x00, 0x00, 0x00, 0x00, 0x00, 0x68, 0xFF, 0xFF, 0x21, 0x7F, 0xFF, 0xDF, 0x01,
0x00, 0x00, 0x00, 0x00, 0x00, 0x00, 0x00, 0x0D, 0xF4, 0xFF, 0x75, 0xDB, 0xFF, 0x7F, 0x00, 0x00,
0x00, 0x00, 0x00, 0x00, 0x00, 0x00, 0x00, 0x9C, 0xFF, 0xEB, 0xFF, 0xFE, 0x1F, 0x00, 0x00, 0x00,
0x00, 0x00, 0x00, 0x00, 0x00, 0x00, 0x36, 0xFF, 0xFF, 0xFF, 0xBB, 0x00, 0x00, 0x00, 0x00, 0x00,
0x00, 0x00, 0x00, 0x00, 0x00, 0x00, 0xCF, 0xFF, 0xFF, 0x51, 0x00, 0x00, 0x00, 0x00, 0x00, 0x00,
0x00, 0x00, 0x00, 0x00, 0x03, 0xD8, 0xFF, 0xDB, 0x03, 0x00, 0x00, 0x00, 0x00, 0x00, 0x00, 0x00,
0x00, 0x00, 0x00, 0x6F, 0xFF, 0xFF, 0x5B, 0x00, 0x00, 0x00, 0x00, 0x00, 0x00, 0x00, 0x00, 0x00,
0x00, 0x4B, 0xFB, 0xFF, 0xBE, 0x01, 0x00, 0x00, 0x00, 0x00, 0x00, 0x00, 0x18, 0x75, 0x77, 0xAF,
0xFE, 0xFF, 0xE0, 0x19, 0x00, 0x00, 0x00, 0x00, 0x00, 0x00, 0x00, 0x30, 0xFF, 0xFF, 0xFF, 0xFF,
0xC4, 0x1C, 0x00, 0x00, 0x00, 0x00, 0x00, 0x00, 0x00, 0x00, 0x1F, 0xAC, 0xA7, 0x8A, 0x43, 0x00,
0x00, 0x00, 0x00, 0x00, 0x00, 0x00, 0x00, 0x00, 0x00, 0x69, 0xBC, 0xBC, 0xBC, 0xBC, 0xBC, 0xBC,
0xBC, 0xBC, 0xBC, 0xA1, 0x00, 0x90, 0xFF, 0xFF, 0xFF, 0xFF, 0xFF, 0xFF, 0xFF, 0xFF, 0xFF, 0xDC,
0x00, 0x26, 0x44, 0x44, 0x44, 0x44, 0x44, 0x44, 0x79, 0xFF, 0xFF, 0x8F, 0x00, 0x00, 0x00, 0x00,
0x00, 0x00, 0x00, 0x13, 0xE1, 0xFF, 0xC6, 0x05, 0x00, 0x00, 0x00, 0x00, 0x00, 0x00, 0x02, 0xB8,
0xFF, 0xE9, 0x1B, 0x00, 0x00, 0x00, 0x00, 0x00, 0x00, 0x00, 0x80, 0xFF, 0xFC, 0x42, 0x00, 0x00,
0x00, 0x00, 0x00, 0x00, 0x00, 0x47, 0xFD, 0xFF, 0x79, 0x00, 0x00, 0x00, 0x00, 0x00, 0x00, 0x00,
0x1E, 0xEC, 0xFF, 0xB2, 0x01, 0x00, 0x00, 0x00, 0x00, 0x00, 0x00, 0x06, 0xCA, 0xFF, 0xDD, 0x10,
0x00, 0x00, 0x00, 0x00, 0x00, 0x00, 0x00, 0x97, 0xFF, 0xF7, 0x30, 0x00, 0x00, 0x00, 0x00, 0x00,
0x00, 0x00, 0x5C, 0xFF, 0xFF, 0x61, 0x00, 0x00, 0x00, 0x00, 0x00, 0x00, 0x00, 0x2D, 0xF5, 0xFF,
0x9E, 0x04, 0x04, 0x04, 0x04, 0x04, 0x04, 0x04, 0x01, 0xB7, 0xFF, 0xFF, 0xFF, 0xFF, 0xFF, 0xFF,
0xFF, 0xFF, 0xFF, 0xFF, 0x4C, 0xC0, 0xFF, 0xFF, 0xFF, 0xFF, 0xFF, 0xFF, 0xFF, 0xFF, 0xFF, 0xFF,
0x4C, 0x00, 0x00, 0x00, 0x00, 0x00, 0x00, 0x48, 0x9A, 0xBE, 0xCB, 0x36, 0x00, 0x00, 0x00, 0x00,
0x02, 0xA9, 0xFF, 0xFF, 0xFF, 0xFF, 0x44, 0x00, 0x00, 0x00, 0x00, 0x69, 0xFF, 0xFF, 0xA2, 0x3E,
0x1F, 0x07, 0x00, 0x00, 0x00, 0x00, 0xC3, 0xFF, 0xB1, 0x00, 0x00, 0x00, 0x00, 0x00, 0x00, 0x00,
0x00, 0xE9, 0xFF, 0x61, 0x00, 0x00, 0x00, 0x00, 0x00, 0x00, 0x00, 0x00, 0xF3, 0xFF, 0x48, 0x00,
0x00, 0x00, 0x00, 0x00, 0x00, 0x00, 0x00, 0xF4, 0xFF, 0x48, 0x00, 0x00, 0x00, 0x00, 0x00, 0x00,
0x00, 0x00, 0xF4, 0xFF, 0x48, 0x00, 0x00, 0x00, 0x00, 0x00, 0x00, 0x00, 0x00, 0xF8, 0xFF, 0x41,
0x00, 0x00, 0x00, 0x00, 0x00, 0x00, 0x00, 0x19, 0xFF, 0xFF, 0x24, 0x00, 0x00, 0x00, 0x00, 0x00,
0x00, 0x0B, 0xA5, 0xFF, 0xCB, 0x00, 0x00, 0x00, 0x00, 0x00, 0xA2, 0xD8, 0xF8, 0xFF, 0xC5, 0x20,
0x00, 0x00, 0x00, 0x00, 0x00, 0xC8, 0xFF, 0xFF, 0xE6, 0x89, 0x0A, 0x00, 0x00, 0x00, 0x00, 0x00,
0x10, 0x21, 0x61, 0xE4, 0xFF, 0xB3, 0x00, 0x00, 0x00, 0x00, 0x00, 0x00, 0x00, 0x00, 0x42, 0xFF,
0xFF, 0x1F, 0x00, 0x00, 0x00, 0x00, 0x00, 0x00, 0x00, 0x05, 0xFC, 0xFF, 0x43, 0x00, 0x00, 0x00,
0x00, 0x00, 0x00, 0x00, 0x00, 0xF4, 0xFF, 0x50, 0x00, 0x00, 0x00, 0x00, 0x00, 0x00, 0x00, 0x00,
0xF4, 0xFF, 0x50, 0x00, 0x00, 0x00, 0x00, 0x00, 0x00, 0x00, 0x00, 0xF4, 0xFF, 0x50, 0x00, 0x00,
0x00, 0x00, 0x00, 0x00, 0x00, 0x00, 0xF4, 0xFF, 0x50, 0x00, 0x00, 0x00, 0x00, 0x00, 0x00, 0x00,
0x00, 0xF2, 0xFF, 0x53, 0x00, 0x00, 0x00, 0x00, 0x00, 0x00, 0x00, 0x00, 0xE4, 0xFF, 0x72, 0x00,
0x00, 0x00, 0x00, 0x00, 0x00, 0x00, 0x00, 0xB4, 0xFF, 0xD4, 0x06, 0x00, 0x00, 0x00, 0x00, 0x00,
0x00, 0x00, 0x4C, 0xFF, 0xFF, 0xD5, 0x72, 0x53, 0x15, 0x00, 0x00, 0x00, 0x00, 0x00, 0x7A, 0xFC,
0xFF, 0xFF, 0xFF, 0x44, 0x00, 0x00, 0x00, 0x00, 0x00, 0x00, 0x1F, 0x6C, 0x90, 0x9B, 0x29, 0x2A,
0x64, 0x51, 0x6C, 0xFF, 0xD0, 0x6C, 0xFF, 0xD0, 0x6C, 0xFF, 0xD0, 0x6C, 0xFF, 0xD0, 0x6C, 0xFF,
0xD0, 0x6C, 0xFF, 0xD0, 0x6C, 0xFF, 0xD0, 0x6C, 0xFF, 0xD0, 0x6C, 0xFF, 0xD0, 0x6C, 0xFF, 0xD0,
0x6C, 0xFF, 0xD0, 0x6C, 0xFF, 0xD0, 0x6C, 0xFF, 0xD0, 0x6C, 0xFF, 0xD0, 0x6C, 0xFF, 0xD0, 0x6C,
0xFF, 0xD0, 0x6C, 0xFF, 0xD0, 0x6C, 0xFF, 0xD0, 0x6C, 0xFF, 0xD0, 0x6C, 0xFF, 0xD0, 0x6C, 0xFF,
0xD0, 0x6C, 0xFF, 0xD0, 0x6C, 0xFF, 0xD0, 0x6C, 0xFF, 0xD0, 0x6C, 0xFF, 0xD0, 0x6C, 0xFF, 0xD0,
0x6C, 0xFF, 0xD0, 0x41, 0x9C, 0x7E, 0xB2, 0xC5, 0xAE, 0x70, 0x10, 0x00, 0x00, 0x00, 0x00, 0x00,
0x00, 0xE0, 0xFF, 0xFF, 0xFF, 0xE5, 0x29, 0x00, 0x00, 0x00, 0x00, 0x00, 0x18, 0x31, 0x70, 0xF0,
0xFF, 0xCB, 0x00, 0x00, 0x00, 0x00, 0x00, 0x00, 0x00, 0x00, 0x58, 0xFF, 0xFF, 0x27, 0x00, 0x00,
0x00, 0x00, 0x00, 0x00, 0x00, 0x09, 0xFE, 0xFF, 0x4F, 0x00, 0x00, 0x00, 0x00, 0x00, 0x00, 0x00,
0x00, 0xED, 0xFF, 0x5B, 0x00, 0x00, 0x00, 0x00, 0x00, 0x00, 0x00, 0x00, 0xEC, 0xFF, 0x5C, 0x00,
0x00, 0x00, 0x00, 0x00, 0x00, 0x00, 0x00, 0xEC, 0xFF, 0x5C, 0x00, 0x00, 0x00, 0x00, 0x00, 0x00,
0x00, 0x00, 0xE6, 0xFF, 0x62, 0x00, 0x00, 0x00, 0x00, 0x00, 0x00, 0x00, 0x00, 0xCA, 0xFF, 0x8A,
0x00, 0x00, 0x00, 0x00, 0x00, 0x00, 0x00, 0x00, 0x75, 0xFF, 0xF4, 0x4C, 0x00, 0x00, 0x00, 0x00,
0x00, 0x00, 0x00, 0x06, 0x96, 0xF7, 0xFF, 0xE9, 0xD2, 0x27, 0x00, 0x00, 0x00, 0x00, 0x00, 0x45,
0xBD, 0xFF, 0xFF, 0xFF, 0x30, 0x00, 0x00, 0x00, 0x00, 0x42, 0xFC, 0xFA, 0x73, 0x29, 0x16, 0x03,
0x00, 0x00, 0x00, 0x00, 0xB1, 0xFF, 0x95, 0x00, 0x00, 0x00, 0x00, 0x00, 0x00, 0x00, 0x00, 0xD7,
0xFF, 0x64, 0x00, 0x00, 0x00, 0x00, 0x00, 0x00, 0x00, 0x00, 0xE4, 0xFF, 0x5C, 0x00, 0x00, 0x00,
0x00, 0x00, 0x00, 0x00, 0x00, 0xE4, 0xFF, 0x5C, 0x00, 0x00, 0x00, 0x00, 0x00, 0x00, 0x00, 0x00,
0xE4, 0xFF, 0x5C, 0x00, 0x00, 0x00, 0x00, 0x00, 0x00, 0x00, 0x00, 0xE4, 0xFF, 0x5C, 0x00, 0x00,
0x00, 0x00, 0x00, 0x00, 0x00, 0x00, 0xE6, 0xFF, 0x5A, 0x00, 0x00, 0x00, 0x00, 0x00, 0x00, 0x00,
0x08, 0xFD, 0xFF, 0x4B, 0x00, 0x00, 0x00, 0x00, 0x00, 0x00, 0x00, 0x6D, 0xFF, 0xFF, 0x1C, 0x00,
0x00, 0x00, 0x00, 0x46, 0x63, 0xA0, 0xFD, 0xFF, 0xB4, 0x00, 0x00, 0x00, 0x00, 0x00, 0xE0, 0xFF,
0xFF, 0xFF, 0xC7, 0x17, 0x00, 0x00, 0x00, 0x00, 0x00, 0x88, 0x95, 0x7F, 0x43, 0x01, 0x00, 0x00,
0x00, 0x00, 0x00, 0x00, 0x00, 0x00, 0x00, 0x1A, 0x47, 0x36, 0x02, 0x00, 0x00, 0x00, 0x00, 0x00,
0x00, 0x00, 0x00, 0x00, 0x00, 0x8B, 0xFD, 0xFF, 0xFF, 0xCF, 0x32, 0x00, 0x00, 0x00, 0x00, 0x5D,
0x84, 0x3D, 0x00, 0x5B, 0xFF, 0xFF, 0xE7, 0xFA, 0xFF, 0xF4, 0x46, 0x00, 0x00, 0x00, 0xC7, 0xFF,
0x61, 0x00, 0xD1, 0xFF, 0x90, 0x00, 0x24, 0xD2, 0xFF, 0xF8, 0x61, 0x01, 0x28, 0xFB, 0xFF, 0x3A,
0x0A, 0xFF, 0xFF, 0x30, 0x00, 0x00, 0x11, 0xC8, 0xFF, 0xFF, 0xEF, 0xFC, 0xFF, 0xCF, 0x01, 0x0B,
0x84, 0x84, 0x0E, 0x00, 0x00, 0x00, 0x0A, 0x9A, 0xFD, 0xFF, 0xFF, 0xD0, 0x21, 0x00, 0x00, 0x00,
0x00, 0x00, 0x00, 0x00, 0x00, 0x00, 0x00, 0x15, 0x40, 0x30, 0x01, 0x00, 0x00, 0x00, 0x08, 0x43,
0x6F, 0x6E, 0x73, 0x6F, 0x6C, 0x61, 0x73, 0x00, 0x08, 0x43, 0x6F, 0x6E, 0x73, 0x6F, 0x6C, 0x61,
0x73, 0x01, 
};
